test,part,scenario,method,parameter,value,seed,noise_xy_m,noise_yaw_deg,trial_id,offset_m,transition_length_m,success,timeout,steps,duration_s,first_goal_time_s,travel_time_s,mean_position_error_m,max_position_error_m,mean_heading_error_deg,max_heading_error_deg,final_position_error_m,final_heading_error_deg,velocity_violation_pct,acceleration_violation_pct,unconstrained_demand_violation_pct,mean_direction_distortion_deg,max_direction_distortion_deg,jerk_xy_rms_m_s3,jerk_yaw_rms_rad_s3,min_clearance_m,collision,max_translation_speed_m_s,max_abs_yaw_rate_rad_s,projection_steps,mean_near_obstacle_speed_m_s,max_normalized_velocity_excess,max_normalized_acceleration_excess,constraint_violation_duration_s,max_speed_cap_excess_m_s,speed_cap_excess_duration_s,evaluation_end_m,evaluation_complete,evaluation_samples,eval_max_heading_error_deg,eval_mean_heading_error_deg,eval_max_heading_lead_deg,eval_max_heading_lag_deg,eval_max_position_error_m,eval_mean_position_error_m,goal_overshoot_m,eval_max_heading_change_deg,eval_mean_direction_distortion_deg,eval_max_direction_distortion_deg,eval_projection_steps,nonintersection_steps,eval_nonintersection_steps,crossing_m,crossed,first_2pct_time_s,first_2pct_distance_m,settling_2pct_time_s,settling_2pct_distance_m,post_transition_heading_overshoot_deg,min_transition_speed_m_s,predicted_speed_m_s,min_minus_predicted_speed_m_s,transition_max_yaw_rate_rad_s,transition_samples,max_dynamic_window_excess,dynamic_window_violation_duration_s,max_vx_excess,vx_violation_duration_s,max_avx_excess,avx_violation_duration_s,max_vy_excess,vy_violation_duration_s,max_avy_excess,avy_violation_duration_s,max_w_excess,w_violation_duration_s,max_aw_excess,aw_violation_duration_s,velocity_violation_duration_s,acceleration_violation_duration_s,status,acceleration_time_vx_s,acceleration_time_vy_s,acceleration_time_w_s,lookahead_time_s,fixed_lookahead_m,condition_id,eval_sample_mean_heading_error_deg,eval_sample_mean_position_error_m,eval_duration_s,eval_position_error_integral_m_s,eval_heading_error_integral_deg_s,command_constraint_violation_pct,transition_heading_lag_deg
test4,d,obstacles,vp,cost_scaling_dist,0.2,0,0.0,0.0,672e1b373a498892b55a5611db511e739565937cdfb445d7cd140c3c822f262c,,,True,False,697,23.233333333333334,23.066666666666666,23.233333333333334,0.0,0.0,0.0,0.0,0.017313170547075263,0.0,0.0,0.0,34.86370157819225,0.0,0.0,0.4428187909290131,0.0,0.12999999999999998,False,0.22,0.0,0,,0.0,1.5139404881252135e-15,0.0,0.0,0.0,3.25,True,458,0.0,0.0,0.0,0.0,0.0,0.0,0.0,0.0,0.0,0.0,0,0,0,,,,,,,,,,,,0,0.0,0.0,0.0,0.0,3.3306690738754696e-16,0.0,0.0,0.0,0.0,0.0,0.0,0.0,0.0,0.0,0.0,0.0,success,1.0,1.0,1.0,0.75,,13a2f4d018f175d608d86ce19a8b7ae704b8133019f99bfc4444dd3c380d61ed,0.0,0.0,15.233333333333333,0.0,0.0,0.0,
test4,d,obstacles,vp_scaled,cost_scaling_dist,0.2,0,0.0,0.0,2c2b470446fce32ffc8e5fc6cd054bbdcb53c0650f4ab8c371b57395e74f8f6a,,,True,False,697,23.233333333333334,23.066666666666666,23.233333333333334,0.0,0.0,0.0,0.0,0.017313170547075263,0.0,0.0,0.0,34.86370157819225,0.0,0.0,0.4428187909290131,0.0,0.12999999999999998,False,0.22,0.0,0,,0.0,1.5139404881252135e-15,0.0,0.0,0.0,3.25,True,458,0.0,0.0,0.0,0.0,0.0,0.0,0.0,0.0,0.0,0.0,0,0,0,,,,,,,,,,,,0,0.0,0.0,0.0,0.0,3.3306690738754696e-16,0.0,0.0,0.0,0.0,0.0,0.0,0.0,0.0,0.0,0.0,0.0,success,1.0,1.0,1.0,0.75,,27a04f8b301329d627f1935ac977e7669e921fa75a0888777dc19c95a072fc74,0.0,0.0,15.233333333333333,0.0,0.0,0.0,
test4,d,obstacles,dwvp,cost_scaling_dist,0.2,0,0.0,0.0,e9c61b7cb447d04ec44073f24e44f145abd83d8550f9b42b8b3e2b04db2bf3d1,,,True,False,697,23.233333333333334,23.066666666666666,23.233333333333334,0.0,0.0,0.0,0.0,0.017313170547075263,0.0,0.0,0.0,34.86370157819225,0.0,0.0,0.4428187909290131,0.0,0.12999999999999998,False,0.22,0.0,0,,0.0,1.5139404881252135e-15,0.0,0.0,0.0,3.25,True,458,0.0,0.0,0.0,0.0,0.0,0.0,0.0,0.0,0.0,0.0,0,0,0,,,,,,,,,,,,0,0.0,0.0,0.0,0.0,3.3306690738754696e-16,0.0,0.0,0.0,0.0,0.0,0.0,0.0,0.0,0.0,0.0,0.0,success,1.0,1.0,1.0,0.75,,abfdd01dadfd3b8aba0cc0d23cbb6bf63959e55aa3210d71c6c48a17893e7e50,0.0,0.0,15.233333333333333,0.0,0.0,0.0,
test4,d,obstacles,vp,cost_scaling_dist,0.4,0,0.0,0.0,af6f5f686c7f16b8f65dcfb2deda6fca5e38b857cc0b3a9f0c2dcff35d8ac3ab,,,True,False,703,23.433333333333334,23.266666666666666,23.433333333333334,0.0,0.0,0.0,0.0,0.016661507615679305,0.0,0.0,0.0,42.53200568990042,0.0,0.0,0.4452121143173832,0.0,0.12999999999999998,False,0.22,0.0,0,0.20156592423298134,0.0,1.5139404881252135e-15,0.0,0.0,0.0,3.25,True,464,0.0,0.0,0.0,0.0,0.0,0.0,0.0,0.0,0.0,0.0,0,0,0,,,,,,,,,,,,0,0.0,0.0,0.0,0.0,3.3306690738754696e-16,0.0,0.0,0.0,0.0,0.0,0.0,0.0,0.0,0.0,0.0,0.0,success,1.0,1.0,1.0,0.75,,ad1e54ba51b21e9de4f1ec4c8a1abd43e91c93c8373bae15a84feaf2de964097,0.0,0.0,15.433333333333334,0.0,0.0,0.0,
test4,d,obstacles,vp_scaled,cost_scaling_dist,0.4,0,0.0,0.0,f3369255961a5a11ad7aa9ac0903cca9ce3c6a6cd96855c6ef697af3e6a2f371,,,True,False,703,23.433333333333334,23.266666666666666,23.433333333333334,0.0,0.0,0.0,0.0,0.016661507615679305,0.0,0.0,0.0,42.53200568990042,0.0,0.0,0.4452121143173832,0.0,0.12999999999999998,False,0.22,0.0,0,0.20156592423298134,0.0,1.5139404881252135e-15,0.0,0.0,0.0,3.25,True,464,0.0,0.0,0.0,0.0,0.0,0.0,0.0,0.0,0.0,0.0,0,0,0,,,,,,,,,,,,0,0.0,0.0,0.0,0.0,3.3306690738754696e-16,0.0,0.0,0.0,0.0,0.0,0.0,0.0,0.0,0.0,0.0,0.0,success,1.0,1.0,1.0,0.75,,1feec20444bd0cb125771e69868bb0c557969230a5efb68e126fda606eb16493,0.0,0.0,15.433333333333334,0.0,0.0,0.0,
test4,d,obstacles,dwvp,cost_scaling_dist,0.4,0,0.0,0.0,1ce37f1db9748728f97c14346d77a392bad6b549595fe802994f492516aa6324,,,True,False,703,23.433333333333334,23.266666666666666,23.433333333333334,0.0,0.0,0.0,0.0,0.016661507615679305,0.0,0.0,0.0,42.53200568990042,0.0,0.0,0.4452121143173832,0.0,0.12999999999999998,False,0.22,0.0,0,0.20156592423298134,0.0,1.5139404881252135e-15,0.0,0.0,0.0,3.25,True,464,0.0,0.0,0.0,0.0,0.0,0.0,0.0,0.0,0.0,0.0,0,0,0,,,,,,,,,,,,0,0.0,0.0,0.0,0.0,3.3306690738754696e-16,0.0,0.0,0.0,0.0,0.0,0.0,0.0,0.0,0.0,0.0,0.0,success,1.0,1.0,1.0,0.75,,d5f711fa736ed2589e53439907e162a5e592f63a9c6c9190bc956631e49d7225,0.0,0.0,15.433333333333334,0.0,0.0,0.0,
test4,d,obstacles,vp,cost_scaling_dist,0.6,0,0.0,0.0,7ab20c43c0d601154aac20cc6dc4e474a32e4fedfee0d9840dbefb89bcc2183f,,,True,False,779,25.966666666666665,25.8,25.966666666666665,0.0,0.0,0.0,0.0,0.01669905347253886,0.0,0.0,0.0,71.50192554557124,0.0,0.0,0.42868179185281563,0.0,0.12999999999999998,False,0.22,0.0,0,0.16450386063609412,0.0,1.5139404881252135e-15,0.0,0.0,0.0,3.25,True,540,0.0,0.0,0.0,0.0,0.0,0.0,0.0,0.0,0.0,0.0,0,0,0,,,,,,,,,,,,0,0.0,0.0,0.0,0.0,3.3306690738754696e-16,0.0,0.0,0.0,0.0,0.0,0.0,0.0,0.0,0.0,0.0,0.0,success,1.0,1.0,1.0,0.75,,5aa9a5db5964aa02352c4b5b159620103b26565360025a331e4baabf27c41ce9,0.0,0.0,17.966666666666665,0.0,0.0,0.0,
test4,d,obstacles,vp_scaled,cost_scaling_dist,0.6,0,0.0,0.0,a25ab215dae2cc5635589e577e1173c7c512a359df500e020a2912e97abc65a5,,,True,False,779,25.966666666666665,25.8,25.966666666666665,0.0,0.0,0.0,0.0,0.01669905347253886,0.0,0.0,0.0,71.50192554557124,0.0,0.0,0.42868179185281563,0.0,0.12999999999999998,False,0.22,0.0,0,0.16450386063609412,0.0,1.5139404881252135e-15,0.0,0.0,0.0,3.25,True,540,0.0,0.0,0.0,0.0,0.0,0.0,0.0,0.0,0.0,0.0,0,0,0,,,,,,,,,,,,0,0.0,0.0,0.0,0.0,3.3306690738754696e-16,0.0,0.0,0.0,0.0,0.0,0.0,0.0,0.0,0.0,0.0,0.0,success,1.0,1.0,1.0,0.75,,a7893682244ab75674f6520022ef75683a115dbe8b4e3b6debe00f32926cd1a7,0.0,0.0,17.966666666666665,0.0,0.0,0.0,
test4,d,obstacles,dwvp,cost_scaling_dist,0.6,0,0.0,0.0,572b6031ed29546c964dfb885e39415561620605900b0348f54da223952126d0,,,True,False,779,25.966666666666665,25.8,25.966666666666665,0.0,0.0,0.0,0.0,0.01669905347253886,0.0,0.0,0.0,71.50192554557124,0.0,0.0,0.42868179185281563,0.0,0.12999999999999998,False,0.22,0.0,0,0.16450386063609412,0.0,1.5139404881252135e-15,0.0,0.0,0.0,3.25,True,540,0.0,0.0,0.0,0.0,0.0,0.0,0.0,0.0,0.0,0.0,0,0,0,,,,,,,,,,,,0,0.0,0.0,0.0,0.0,3.3306690738754696e-16,0.0,0.0,0.0,0.0,0.0,0.0,0.0,0.0,0.0,0.0,0.0,success,1.0,1.0,1.0,0.75,,8a5831661af2a2bdd3684770f135be46fb9eceee13907d7476827e7f330f90cc,0.0,0.0,17.966666666666665,0.0,0.0,0.0,
test4,d,obstacles,vp,cost_scaling_dist,0.8,0,0.0,0.0,da9bda87b106cb1ccea5ba20be23ba35a57911e374225df7243307cbd250bc8c,,,True,False,895,29.833333333333332,29.666666666666668,29.833333333333332,0.0,0.0,0.0,0.0,0.016991584592587206,0.0,0.0,0.0,80.44692737430168,0.0,0.0,0.5406712966348008,0.0,0.12999999999999998,False,0.22,0.0,0,0.13470499121791166,0.0,1.5139404881252135e-15,0.0,0.0,0.0,3.25,True,656,0.0,0.0,0.0,0.0,0.0,0.0,0.0,0.0,0.0,0.0,0,0,0,,,,,,,,,,,,0,0.0,0.0,0.0,0.0,3.3306690738754696e-16,0.0,0.0,0.0,0.0,0.0,0.0,0.0,0.0,0.0,0.0,0.0,success,1.0,1.0,1.0,0.75,,6fcd5b9bdc1d10faa59f919d543aea475ea9ba977b591bcb752a1a69e33d7914,0.0,0.0,21.833333333333332,0.0,0.0,0.0,
test4,d,obstacles,vp_scaled,cost_scaling_dist,0.8,0,0.0,0.0,71b5a07fb894551a6f4102fe3719957cf22c5ef043285468576bdaa036bfcd7e,,,True,False,895,29.833333333333332,29.666666666666668,29.833333333333332,0.0,0.0,0.0,0.0,0.016991584592587206,0.0,0.0,0.0,80.44692737430168,0.0,0.0,0.5406712966348008,0.0,0.12999999999999998,False,0.22,0.0,0,0.13470499121791166,0.0,1.5139404881252135e-15,0.0,0.0,0.0,3.25,True,656,0.0,0.0,0.0,0.0,0.0,0.0,0.0,0.0,0.0,0.0,0,0,0,,,,,,,,,,,,0,0.0,0.0,0.0,0.0,3.3306690738754696e-16,0.0,0.0,0.0,0.0,0.0,0.0,0.0,0.0,0.0,0.0,0.0,success,1.0,1.0,1.0,0.75,,c59be4ef4070e15439e752efd2860215d646c4650aeab636254f861aaf1b74ce,0.0,0.0,21.833333333333332,0.0,0.0,0.0,
test4,d,obstacles,dwvp,cost_scaling_dist,0.8,0,0.0,0.0,b9468a7a4c36d196bba44b1bfbd99107a7e7c76af889fb66a8814dcb9252899c,,,True,False,895,29.833333333333332,29.666666666666668,29.833333333333332,0.0,0.0,0.0,0.0,0.016991584592587206,0.0,0.0,0.0,80.44692737430168,0.0,0.0,0.5406712966348008,0.0,0.12999999999999998,False,0.22,0.0,0,0.13470499121791166,0.0,1.5139404881252135e-15,0.0,0.0,0.0,3.25,True,656,0.0,0.0,0.0,0.0,0.0,0.0,0.0,0.0,0.0,0.0,0,0,0,,,,,,,,,,,,0,0.0,0.0,0.0,0.0,3.3306690738754696e-16,0.0,0.0,0.0,0.0,0.0,0.0,0.0,0.0,0.0,0.0,0.0,success,1.0,1.0,1.0,0.75,,6e51f59200b28ecb7bf718564d98e7dcab4c72c17374081cefe2d34e5129ea26,0.0,0.0,21.833333333333332,0.0,0.0,0.0,
test4,d,obstacles,vp,cost_scaling_gain,0.25,0,0.0,0.0,c0363e0ee9b1b8beef30aed48a81b1b28e577bbd789846e872280bafc92d8ddd,,,True,False,1697,56.56666666666666,56.4,56.56666666666666,0.0,0.0,0.0,0.0,0.017470105099574695,0.0,0.0,0.0,88.09664113140838,0.0,0.0,0.39509126812131157,0.0,0.12999999999999998,False,0.22,0.0,0,0.0429901005898326,0.0,1.5139404881252135e-15,0.0,0.13520132177930966,0.6666666666666666,3.25,True,1458,0.0,0.0,0.0,0.0,0.0,0.0,0.0,0.0,0.0,0.0,0,0,0,,,,,,,,,,,,0,0.0,0.0,0.0,0.0,3.3306690738754696e-16,0.0,0.0,0.0,0.0,0.0,0.0,0.0,0.0,0.0,0.0,0.0,success,1.0,1.0,1.0,0.75,,ddc16cb824b6c0266ac814a26dd31c8037a8eeade0fbda1b24a05a5c4224f9c0,0.0,0.0,48.56666666666666,0.0,0.0,0.0,
test4,d,obstacles,vp_scaled,cost_scaling_gain,0.25,0,0.0,0.0,f5ab43a171aff103aedbdc6636f91c735891c88b75dd44ae04abff07a4bb96ea,,,True,False,1697,56.56666666666666,56.4,56.56666666666666,0.0,0.0,0.0,0.0,0.017470105099574695,0.0,0.0,0.0,88.09664113140838,0.0,0.0,0.39509126812131157,0.0,0.12999999999999998,False,0.22,0.0,0,0.0429901005898326,0.0,1.5139404881252135e-15,0.0,0.13520132177930966,0.6666666666666666,3.25,True,1458,0.0,0.0,0.0,0.0,0.0,0.0,0.0,0.0,0.0,0.0,0,0,0,,,,,,,,,,,,0,0.0,0.0,0.0,0.0,3.3306690738754696e-16,0.0,0.0,0.0,0.0,0.0,0.0,0.0,0.0,0.0,0.0,0.0,success,1.0,1.0,1.0,0.75,,1e2c0c7a3552b34f196d3330333caa6c982cc48c513afe0dde13543094ad428c,0.0,0.0,48.56666666666666,0.0,0.0,0.0,
test4,d,obstacles,dwvp,cost_scaling_gain,0.25,0,0.0,0.0,64fb8ace834ddc25bfb4cca16143d7fb41111e795673d55c28dcf91b5d252350,,,True,False,1697,56.56666666666666,56.4,56.56666666666666,0.0,0.0,0.0,0.0,0.017470105099574695,0.0,0.0,0.0,88.09664113140838,0.0,0.0,0.39509126812131157,0.0,0.12999999999999998,False,0.22,0.0,0,0.0429901005898326,0.0,1.5139404881252135e-15,0.0,0.13520132177930966,0.6666666666666666,3.25,True,1458,0.0,0.0,0.0,0.0,0.0,0.0,0.0,0.0,0.0,0.0,0,0,0,,,,,,,,,,,,0,0.0,0.0,0.0,0.0,3.3306690738754696e-16,0.0,0.0,0.0,0.0,0.0,0.0,0.0,0.0,0.0,0.0,0.0,success,1.0,1.0,1.0,0.75,,b4e7ec227574a3b8f9683e7f83f1603b8cfcc3f094e5a52103c38ea5785d7aad,0.0,0.0,48.56666666666666,0.0,0.0,0.0,
test4,d,obstacles,vp,cost_scaling_gain,0.5,0,0.0,0.0,2df0a1ef36d2c9cc0b8597afa1b0ae608c4562694663ee781fcdc1cce56c9cb3,,,True,False,1096,36.53333333333333,36.36666666666667,36.53333333333333,0.0,0.0,0.0,0.0,0.01772862916012974,0.0,0.0,0.0,81.38686131386861,0.0,0.0,0.505109648876552,0.0,0.12999999999999998,False,0.22,0.0,0,0.08328835240367491,0.0,1.5139404881252135e-15,0.0,0.05773597689195262,0.3333333333333333,3.25,True,858,0.0,0.0,0.0,0.0,0.0,0.0,0.0,0.0,0.0,0.0,0,0,0,,,,,,,,,,,,0,0.0,0.0,0.0,0.0,3.3306690738754696e-16,0.0,0.0,0.0,0.0,0.0,0.0,0.0,0.0,0.0,0.0,0.0,success,1.0,1.0,1.0,0.75,,2ac256e1cdec1f80347d6e374a6b226d100c615f61deaf8eb30ee347455337cf,0.0,0.0,28.566666666666666,0.0,0.0,0.0,
test4,d,obstacles,vp_scaled,cost_scaling_gain,0.5,0,0.0,0.0,b03082eeb4aad50cbaf4a617bed6718f78cd534ed0cd1c18d36e109e2710349e,,,True,False,1096,36.53333333333333,36.36666666666667,36.53333333333333,0.0,0.0,0.0,0.0,0.01772862916012974,0.0,0.0,0.0,81.38686131386861,0.0,0.0,0.505109648876552,0.0,0.12999999999999998,False,0.22,0.0,0,0.08328835240367491,0.0,1.5139404881252135e-15,0.0,0.05773597689195262,0.3333333333333333,3.25,True,858,0.0,0.0,0.0,0.0,0.0,0.0,0.0,0.0,0.0,0.0,0,0,0,,,,,,,,,,,,0,0.0,0.0,0.0,0.0,3.3306690738754696e-16,0.0,0.0,0.0,0.0,0.0,0.0,0.0,0.0,0.0,0.0,0.0,success,1.0,1.0,1.0,0.75,,54595314a30982ecfbf0e686509f554cf67642eefa5e1dce0324f8412e943afb,0.0,0.0,28.566666666666666,0.0,0.0,0.0,
test4,d,obstacles,dwvp,cost_scaling_gain,0.5,0,0.0,0.0,839364cdc43e3ed7e4dc7d6464ebb4b987c9d3b46d603816ca9b4c04b1a46705,,,True,False,1096,36.53333333333333,36.36666666666667,36.53333333333333,0.0,0.0,0.0,0.0,0.01772862916012974,0.0,0.0,0.0,81.38686131386861,0.0,0.0,0.505109648876552,0.0,0.12999999999999998,False,0.22,0.0,0,0.08328835240367491,0.0,1.5139404881252135e-15,0.0,0.05773597689195262,0.3333333333333333,3.25,True,858,0.0,0.0,0.0,0.0,0.0,0.0,0.0,0.0,0.0,0.0,0,0,0,,,,,,,,,,,,0,0.0,0.0,0.0,0.0,3.3306690738754696e-16,0.0,0.0,0.0,0.0,0.0,0.0,0.0,0.0,0.0,0.0,0.0,success,1.0,1.0,1.0,0.75,,a180bcdeaf0a1d57a4ab6f9819c640ef458cfdf78800b48c2d58ac61b8dc17ff,0.0,0.0,28.566666666666666,0.0,0.0,0.0,
test4,d,obstacles,vp,cost_scaling_gain,0.75,0,0.0,0.0,5447d614a07177e56f1d57a8a704193582033de6dafed4eef22cf4290118bb8b,,,True,False,886,29.53333333333333,29.366666666666667,29.53333333333333,0.0,0.0,0.0,0.0,0.016751880201572256,0.0,0.0,0.0,76.41083521444695,0.0,0.0,0.5580242810717567,0.0,0.12999999999999998,False,0.22,0.0,0,0.12374344797165829,0.0,1.5139404881252135e-15,0.0,0.0,0.0,3.25,True,647,0.0,0.0,0.0,0.0,0.0,0.0,0.0,0.0,0.0,0.0,0,0,0,,,,,,,,,,,,0,0.0,0.0,0.0,0.0,3.3306690738754696e-16,0.0,0.0,0.0,0.0,0.0,0.0,0.0,0.0,0.0,0.0,0.0,success,1.0,1.0,1.0,0.75,,66bc373f537aadf5595fbbd490e78c998187fec34090e4c8dbac7d4ad8141436,0.0,0.0,21.53333333333333,0.0,0.0,0.0,
test4,d,obstacles,vp_scaled,cost_scaling_gain,0.75,0,0.0,0.0,7fd4fc95c6032a6e70577d89ef2361d53948e3c53cd25bd7df4af6b04637cfa7,,,True,False,886,29.53333333333333,29.366666666666667,29.53333333333333,0.0,0.0,0.0,0.0,0.016751880201572256,0.0,0.0,0.0,76.41083521444695,0.0,0.0,0.5580242810717567,0.0,0.12999999999999998,False,0.22,0.0,0,0.12374344797165829,0.0,1.5139404881252135e-15,0.0,0.0,0.0,3.25,True,647,0.0,0.0,0.0,0.0,0.0,0.0,0.0,0.0,0.0,0.0,0,0,0,,,,,,,,,,,,0,0.0,0.0,0.0,0.0,3.3306690738754696e-16,0.0,0.0,0.0,0.0,0.0,0.0,0.0,0.0,0.0,0.0,0.0,success,1.0,1.0,1.0,0.75,,cf6c00b7947eef1a658a9dc4fe9af93d4d65620b3a3035afcc01adb5c2b17a78,0.0,0.0,21.53333333333333,0.0,0.0,0.0,
test4,d,obstacles,dwvp,cost_scaling_gain,0.75,0,0.0,0.0,9e8ed627fbe6c71169b21f10616295eab70d2980010ba76b0df35fdaf490d027,,,True,False,886,29.53333333333333,29.366666666666667,29.53333333333333,0.0,0.0,0.0,0.0,0.016751880201572256,0.0,0.0,0.0,76.41083521444695,0.0,0.0,0.5580242810717567,0.0,0.12999999999999998,False,0.22,0.0,0,0.12374344797165829,0.0,1.5139404881252135e-15,0.0,0.0,0.0,3.25,True,647,0.0,0.0,0.0,0.0,0.0,0.0,0.0,0.0,0.0,0.0,0,0,0,,,,,,,,,,,,0,0.0,0.0,0.0,0.0,3.3306690738754696e-16,0.0,0.0,0.0,0.0,0.0,0.0,0.0,0.0,0.0,0.0,0.0,success,1.0,1.0,1.0,0.75,,029cc45d972d7c674a7ac921e4b10801687c1515f7ad1a0e89d5aed095b653c4,0.0,0.0,21.53333333333333,0.0,0.0,0.0,
test4,d,obstacles,vp,cost_scaling_gain,1.0,0,0.0,0.0,7ab20c43c0d601154aac20cc6dc4e474a32e4fedfee0d9840dbefb89bcc2183f,,,True,False,779,25.966666666666665,25.8,25.966666666666665,0.0,0.0,0.0,0.0,0.01669905347253886,0.0,0.0,0.0,71.50192554557124,0.0,0.0,0.42868179185281563,0.0,0.12999999999999998,False,0.22,0.0,0,0.16450386063609412,0.0,1.5139404881252135e-15,0.0,0.0,0.0,3.25,True,540,0.0,0.0,0.0,0.0,0.0,0.0,0.0,0.0,0.0,0.0,0,0,0,,,,,,,,,,,,0,0.0,0.0,0.0,0.0,3.3306690738754696e-16,0.0,0.0,0.0,0.0,0.0,0.0,0.0,0.0,0.0,0.0,0.0,success,1.0,1.0,1.0,0.75,,2c92a839b2db5f5436bcf4d51cc28b80345f2d626ff95769e0e882e2dd6b3e4c,0.0,0.0,17.966666666666665,0.0,0.0,0.0,
test4,d,obstacles,vp_scaled,cost_scaling_gain,1.0,0,0.0,0.0,a25ab215dae2cc5635589e577e1173c7c512a359df500e020a2912e97abc65a5,,,True,False,779,25.966666666666665,25.8,25.966666666666665,0.0,0.0,0.0,0.0,0.01669905347253886,0.0,0.0,0.0,71.50192554557124,0.0,0.0,0.42868179185281563,0.0,0.12999999999999998,False,0.22,0.0,0,0.16450386063609412,0.0,1.5139404881252135e-15,0.0,0.0,0.0,3.25,True,540,0.0,0.0,0.0,0.0,0.0,0.0,0.0,0.0,0.0,0.0,0,0,0,,,,,,,,,,,,0,0.0,0.0,0.0,0.0,3.3306690738754696e-16,0.0,0.0,0.0,0.0,0.0,0.0,0.0,0.0,0.0,0.0,0.0,success,1.0,1.0,1.0,0.75,,87a0dab2acf1e015cd6a4257b671d3819ec59d89f74e3fa2332ee3daae983d79,0.0,0.0,17.966666666666665,0.0,0.0,0.0,
test4,d,obstacles,dwvp,cost_scaling_gain,1.0,0,0.0,0.0,572b6031ed29546c964dfb885e39415561620605900b0348f54da223952126d0,,,True,False,779,25.966666666666665,25.8,25.966666666666665,0.0,0.0,0.0,0.0,0.01669905347253886,0.0,0.0,0.0,71.50192554557124,0.0,0.0,0.42868179185281563,0.0,0.12999999999999998,False,0.22,0.0,0,0.16450386063609412,0.0,1.5139404881252135e-15,0.0,0.0,0.0,3.25,True,540,0.0,0.0,0.0,0.0,0.0,0.0,0.0,0.0,0.0,0.0,0,0,0,,,,,,,,,,,,0,0.0,0.0,0.0,0.0,3.3306690738754696e-16,0.0,0.0,0.0,0.0,0.0,0.0,0.0,0.0,0.0,0.0,0.0,success,1.0,1.0,1.0,0.75,,964ce11a4870eec44ec027287154c972ff26f736bade7badab9f37dec1c0fdc4,0.0,0.0,17.966666666666665,0.0,0.0,0.0,
test4,d,obstacles,vp,approach_distance,0.1,0,0.0,0.0,28f257ac24a1c93d3c89c77484ea73c8eb87d06c5b7f78160c1bd3ac3863b6e2,,,True,False,659,21.966666666666665,21.4,21.966666666666665,0.0001941227521299051,0.015158232848626163,0.0,0.0,0.015158232848626163,0.0,0.0,0.0,56.145675265553876,0.0,0.0,0.45858088708567035,0.0,0.12999999999999998,False,0.22,0.0,0,0.16450386063609412,0.0,1.5139404881252135e-15,0.0,0.061062248725670135,0.5666666666666667,3.25,True,540,0.0,0.0,0.0,0.0,0.0,0.0,0.015158232848626163,0.0,0.0,0.0,0,0,0,,,,,,,,,,,,0,0.0,0.0,0.0,0.0,3.3306690738754696e-16,0.0,0.0,0.0,0.0,0.0,0.0,0.0,0.0,0.0,0.0,0.0,success,1.0,1.0,1.0,0.75,,77ba8142721dd6539305e0e79e14747602f848f7877fa01915efc481d1bce402,0.0,0.0,17.966666666666665,0.0,0.0,0.0,
test4,d,obstacles,vp_scaled,approach_distance,0.1,0,0.0,0.0,6cc865fc5a2d2300483f307e69d0ba0cd0f08751ff4b65b2804e21b84ad27977,,,True,False,659,21.966666666666665,21.4,21.966666666666665,0.0001941227521299051,0.015158232848626163,0.0,0.0,0.015158232848626163,0.0,0.0,0.0,56.145675265553876,0.0,0.0,0.45858088708567035,0.0,0.12999999999999998,False,0.22,0.0,0,0.16450386063609412,0.0,1.5139404881252135e-15,0.0,0.061062248725670135,0.5666666666666667,3.25,True,540,0.0,0.0,0.0,0.0,0.0,0.0,0.015158232848626163,0.0,0.0,0.0,0,0,0,,,,,,,,,,,,0,0.0,0.0,0.0,0.0,3.3306690738754696e-16,0.0,0.0,0.0,0.0,0.0,0.0,0.0,0.0,0.0,0.0,0.0,success,1.0,1.0,1.0,0.75,,f1d3c5dd154e58409080ad2b1dd7f6340787cb2b292832d3260a33e6e606fd2a,0.0,0.0,17.966666666666665,0.0,0.0,0.0,
test4,d,obstacles,dwvp,approach_distance,0.1,0,0.0,0.0,683c7eb94ba12403644e19567228d9e5df2b4db92fb21e0a4c9e6fd247ac4663,,,True,False,659,21.966666666666665,21.4,21.966666666666665,0.0001941227521299051,0.015158232848626163,0.0,0.0,0.015158232848626163,0.0,0.0,0.0,56.145675265553876,0.0,0.0,0.45858088708567035,0.0,0.12999999999999998,False,0.22,0.0,0,0.16450386063609412,0.0,1.5139404881252135e-15,0.0,0.061062248725670135,0.5666666666666667,3.25,True,540,0.0,0.0,0.0,0.0,0.0,0.0,0.015158232848626163,0.0,0.0,0.0,0,0,0,,,,,,,,,,,,0,0.0,0.0,0.0,0.0,3.3306690738754696e-16,0.0,0.0,0.0,0.0,0.0,0.0,0.0,0.0,0.0,0.0,0.0,success,1.0,1.0,1.0,0.75,,2ace288eee7460073c5091d30d474851f2fb6190b04718400621a1be0bbab9f3,0.0,0.0,17.966666666666665,0.0,0.0,0.0,
test4,d,obstacles,vp,approach_distance,0.3,0,0.0,0.0,0007e3bdcd73b2c08bc47411928acd5c832155d09d87b32a37bd6727a029e87f,,,True,False,704,23.466666666666665,23.3,23.466666666666665,0.0,0.0,0.0,0.0,0.016945244239489732,0.0,0.0,0.0,62.92613636363637,0.0,0.0,0.4647363548125265,0.0,0.12999999999999998,False,0.22,0.0,0,0.16450386063609412,0.0,1.5139404881252135e-15,0.0,0.0,0.0,3.25,True,540,0.0,0.0,0.0,0.0,0.0,0.0,0.0,0.0,0.0,0.0,0,0,0,,,,,,,,,,,,0,0.0,0.0,0.0,0.0,3.3306690738754696e-16,0.0,0.0,0.0,0.0,0.0,0.0,0.0,0.0,0.0,0.0,0.0,success,1.0,1.0,1.0,0.75,,1e8e9fd3461185a52b8f61c7eb86070682eda39f4eeb12401e247f6d975a4863,0.0,0.0,17.966666666666665,0.0,0.0,0.0,
test4,d,obstacles,vp_scaled,approach_distance,0.3,0,0.0,0.0,b0efaf1b66f6e93487590ad846ae95c2ec34d0a051c60fc9d3a5f21d3e565b71,,,True,False,704,23.466666666666665,23.3,23.466666666666665,0.0,0.0,0.0,0.0,0.016945244239489732,0.0,0.0,0.0,62.92613636363637,0.0,0.0,0.4647363548125265,0.0,0.12999999999999998,False,0.22,0.0,0,0.16450386063609412,0.0,1.5139404881252135e-15,0.0,0.0,0.0,3.25,True,540,0.0,0.0,0.0,0.0,0.0,0.0,0.0,0.0,0.0,0.0,0,0,0,,,,,,,,,,,,0,0.0,0.0,0.0,0.0,3.3306690738754696e-16,0.0,0.0,0.0,0.0,0.0,0.0,0.0,0.0,0.0,0.0,0.0,success,1.0,1.0,1.0,0.75,,0c6d6db383a524a1172be301e9429a5f31414d8e1c4c8fb539b3c6b00ea5bb57,0.0,0.0,17.966666666666665,0.0,0.0,0.0,
test4,d,obstacles,dwvp,approach_distance,0.3,0,0.0,0.0,1b23253c0c3574aad27f517a5ced5811a293d2ca0515a180f621fee0d852362e,,,True,False,704,23.466666666666665,23.3,23.466666666666665,0.0,0.0,0.0,0.0,0.016945244239489732,0.0,0.0,0.0,62.92613636363637,0.0,0.0,0.4647363548125265,0.0,0.12999999999999998,False,0.22,0.0,0,0.16450386063609412,0.0,1.5139404881252135e-15,0.0,0.0,0.0,3.25,True,540,0.0,0.0,0.0,0.0,0.0,0.0,0.0,0.0,0.0,0.0,0,0,0,,,,,,,,,,,,0,0.0,0.0,0.0,0.0,3.3306690738754696e-16,0.0,0.0,0.0,0.0,0.0,0.0,0.0,0.0,0.0,0.0,0.0,success,1.0,1.0,1.0,0.75,,06d47d4f3f3336989ab795abd9a1643b249dbc9fdec6775aad62782ff6db79cb,0.0,0.0,17.966666666666665,0.0,0.0,0.0,
test4,d,obstacles,vp,approach_distance,0.6,0,0.0,0.0,7ab20c43c0d601154aac20cc6dc4e474a32e4fedfee0d9840dbefb89bcc2183f,,,True,False,779,25.966666666666665,25.8,25.966666666666665,0.0,0.0,0.0,0.0,0.01669905347253886,0.0,0.0,0.0,71.50192554557124,0.0,0.0,0.42868179185281563,0.0,0.12999999999999998,False,0.22,0.0,0,0.16450386063609412,0.0,1.5139404881252135e-15,0.0,0.0,0.0,3.25,True,540,0.0,0.0,0.0,0.0,0.0,0.0,0.0,0.0,0.0,0.0,0,0,0,,,,,,,,,,,,0,0.0,0.0,0.0,0.0,3.3306690738754696e-16,0.0,0.0,0.0,0.0,0.0,0.0,0.0,0.0,0.0,0.0,0.0,success,1.0,1.0,1.0,0.75,,6ac1baeb1491c996ff09b95d09efe9e8c0f43371cb43c4c702adaddc726abe78,0.0,0.0,17.966666666666665,0.0,0.0,0.0,
test4,d,obstacles,vp_scaled,approach_distance,0.6,0,0.0,0.0,a25ab215dae2cc5635589e577e1173c7c512a359df500e020a2912e97abc65a5,,,True,False,779,25.966666666666665,25.8,25.966666666666665,0.0,0.0,0.0,0.0,0.01669905347253886,0.0,0.0,0.0,71.50192554557124,0.0,0.0,0.42868179185281563,0.0,0.12999999999999998,False,0.22,0.0,0,0.16450386063609412,0.0,1.5139404881252135e-15,0.0,0.0,0.0,3.25,True,540,0.0,0.0,0.0,0.0,0.0,0.0,0.0,0.0,0.0,0.0,0,0,0,,,,,,,,,,,,0,0.0,0.0,0.0,0.0,3.3306690738754696e-16,0.0,0.0,0.0,0.0,0.0,0.0,0.0,0.0,0.0,0.0,0.0,success,1.0,1.0,1.0,0.75,,7e4578a9652c329550f714bdc85c9b1fe3041b9801df7e5ee08f0736d1a08e14,0.0,0.0,17.966666666666665,0.0,0.0,0.0,
test4,d,obstacles,dwvp,approach_distance,0.6,0,0.0,0.0,572b6031ed29546c964dfb885e39415561620605900b0348f54da223952126d0,,,True,False,779,25.966666666666665,25.8,25.966666666666665,0.0,0.0,0.0,0.0,0.01669905347253886,0.0,0.0,0.0,71.50192554557124,0.0,0.0,0.42868179185281563,0.0,0.12999999999999998,False,0.22,0.0,0,0.16450386063609412,0.0,1.5139404881252135e-15,0.0,0.0,0.0,3.25,True,540,0.0,0.0,0.0,0.0,0.0,0.0,0.0,0.0,0.0,0.0,0,0,0,,,,,,,,,,,,0,0.0,0.0,0.0,0.0,3.3306690738754696e-16,0.0,0.0,0.0,0.0,0.0,0.0,0.0,0.0,0.0,0.0,0.0,success,1.0,1.0,1.0,0.75,,ee015503ab744721741ebdc55bdecc0fef91bf64773c7c33ae5a09ab5bbfbe0c,0.0,0.0,17.966666666666665,0.0,0.0,0.0,
test4,d,obstacles,vp,approach_distance,1.0,0,0.0,0.0,6fd8d4efbbbaf0009bd6f662c479f42621680f485261ee2fb8f2826df331c26d,,,True,False,878,29.266666666666666,29.099999999999998,29.266666666666666,0.0,0.0,0.0,0.0,0.017546009030059206,0.0,0.0,0.0,80.75170842824602,0.0,0.0,0.4019430157013993,0.0,0.12999999999999998,False,0.22,0.0,0,0.16450386063609412,0.0,1.5139404881252135e-15,0.0,0.0,0.0,2.995,True,505,0.0,0.0,0.0,0.0,0.0,0.0,0.0,0.0,0.0,0.0,0,0,0,,,,,,,,,,,,0,0.0,0.0,0.0,0.0,3.3306690738754696e-16,0.0,0.0,0.0,0.0,0.0,0.0,0.0,0.0,0.0,0.0,0.0,success,1.0,1.0,1.0,0.75,,ba033d014867f2e9427ebb51428402dac491baec765f241e7b517d0a71c7fac1,0.0,0.0,16.8,0.0,0.0,0.0,
test4,d,obstacles,vp_scaled,approach_distance,1.0,0,0.0,0.0,eb27273d794590384db51a47c1b85352cc430d655c17c5d631fa72f172a5b7dc,,,True,False,878,29.266666666666666,29.099999999999998,29.266666666666666,0.0,0.0,0.0,0.0,0.017546009030059206,0.0,0.0,0.0,80.75170842824602,0.0,0.0,0.4019430157013993,0.0,0.12999999999999998,False,0.22,0.0,0,0.16450386063609412,0.0,1.5139404881252135e-15,0.0,0.0,0.0,2.995,True,505,0.0,0.0,0.0,0.0,0.0,0.0,0.0,0.0,0.0,0.0,0,0,0,,,,,,,,,,,,0,0.0,0.0,0.0,0.0,3.3306690738754696e-16,0.0,0.0,0.0,0.0,0.0,0.0,0.0,0.0,0.0,0.0,0.0,success,1.0,1.0,1.0,0.75,,51ecdf4815f0fe145da4d7c24f5e9e9a59ffb9edec7e595c68cee2affeaf2472,0.0,0.0,16.8,0.0,0.0,0.0,
test4,d,obstacles,dwvp,approach_distance,1.0,0,0.0,0.0,1a9846660eb97dd33e737f56b8974cb240c518d862eb0eae820e4cb70cf4d110,,,True,False,878,29.266666666666666,29.099999999999998,29.266666666666666,0.0,0.0,0.0,0.0,0.017546009030059206,0.0,0.0,0.0,80.75170842824602,0.0,0.0,0.4019430157013993,0.0,0.12999999999999998,False,0.22,0.0,0,0.16450386063609412,0.0,1.5139404881252135e-15,0.0,0.0,0.0,2.995,True,505,0.0,0.0,0.0,0.0,0.0,0.0,0.0,0.0,0.0,0.0,0,0,0,,,,,,,,,,,,0,0.0,0.0,0.0,0.0,3.3306690738754696e-16,0.0,0.0,0.0,0.0,0.0,0.0,0.0,0.0,0.0,0.0,0.0,success,1.0,1.0,1.0,0.75,,536c26cf4902d155ad0f6e17e59cd2fc976708786fb27de36670e3a9b5eaa178,0.0,0.0,16.8,0.0,0.0,0.0,
