test,part,scenario,method,parameter,value,seed,noise_xy_m,noise_yaw_deg,trial_id,offset_m,transition_length_m,success,timeout,steps,duration_s,first_goal_time_s,travel_time_s,mean_position_error_m,max_position_error_m,mean_heading_error_deg,max_heading_error_deg,final_position_error_m,final_heading_error_deg,velocity_violation_pct,acceleration_violation_pct,unconstrained_demand_violation_pct,mean_direction_distortion_deg,max_direction_distortion_deg,jerk_xy_rms_m_s3,jerk_yaw_rms_rad_s3,min_clearance_m,collision,max_translation_speed_m_s,max_abs_yaw_rate_rad_s,projection_steps,mean_near_obstacle_speed_m_s,max_normalized_velocity_excess,max_normalized_acceleration_excess,constraint_violation_duration_s,max_speed_cap_excess_m_s,speed_cap_excess_duration_s,evaluation_end_m,evaluation_complete,evaluation_samples,eval_max_heading_error_deg,eval_sample_mean_heading_error_deg,eval_max_heading_lead_deg,eval_max_heading_lag_deg,eval_max_position_error_m,eval_sample_mean_position_error_m,eval_duration_s,eval_position_error_integral_m_s,eval_mean_position_error_m,eval_heading_error_integral_deg_s,eval_mean_heading_error_deg,command_constraint_violation_pct,goal_overshoot_m,eval_max_heading_change_deg,eval_mean_direction_distortion_deg,eval_max_direction_distortion_deg,eval_projection_steps,nonintersection_steps,eval_nonintersection_steps,crossing_m,crossed,first_2pct_time_s,first_2pct_distance_m,settling_2pct_time_s,settling_2pct_distance_m,post_transition_heading_overshoot_deg,transition_heading_lag_deg,min_transition_speed_m_s,predicted_speed_m_s,min_minus_predicted_speed_m_s,transition_max_yaw_rate_rad_s,transition_samples,control_steps,demand_velocity_violation_steps,demand_acceleration_violation_steps,demand_both_violation_steps,demand_violation_steps,command_velocity_violation_steps,command_acceleration_violation_steps,command_both_violation_steps,command_violation_steps,lookahead_min_m,lookahead_max_m,lookahead_upper_active_steps,lookahead_at_upper_steps,max_dynamic_window_excess,dynamic_window_violation_duration_s,max_vx_excess,vx_violation_duration_s,max_avx_excess,avx_violation_duration_s,max_vy_excess,vy_violation_duration_s,max_avy_excess,avy_violation_duration_s,max_w_excess,w_violation_duration_s,max_aw_excess,aw_violation_duration_s,velocity_violation_duration_s,acceleration_violation_duration_s,status,acceleration_time_vx_s,acceleration_time_vy_s,acceleration_time_w_s,lookahead_time_s,fixed_lookahead_m,condition_id
preview-noise,c,offset,dwvp,fixed_lookahead,0.055,0,0.02,1.0,9fa7536694dd0292e5ac9333ae96081c09aba5a47e6b49b5157300ceb41d4fbe,0.5,,False,True,3600,120.0,,,0.009962062748510466,0.5,0.08611667691335101,0.37319927079334697,1.1476078608434914,0.09391855232359017,0.0,0.0,100.0,7.8400444161602,115.01610971691929,12.487401633743897,15.554210902949707,,False,0.18435774789343892,0.037349033299312606,1583,,0.0,6.308085367188389e-16,0.0,0.0,0.0,3.25,False,3599,0.37319927079334697,0.08616425753244868,0.37319927079334697,0.3455063233485164,0.5,0.00969001548626388,119.9,1.1374591926428828,0.00948673221553697,10.33526810376756,0.08619906675369107,0.0,0.0,0.37319927079334697,7.844402417503258,115.01610971691929,1583,1583,1583,0.008033725899362926,True,4.233333333333333,0.5136412917851852,,,,,,,,,0,3600,0,3600,0,3600,0,0,0,0,0.055,0.055,0,0,0.0,0.0,0.0,0.0,1.3877787807814457e-16,0.0,0.0,0.0,2.7755575615628914e-17,0.0,0.0,0.0,1.1102230246251565e-16,0.0,0.0,0.0,timeout,1.0,1.0,1.0,0.75,0.055,cd8fd54ddebb8f5b6bc6e87b986c5d932fc82e5dd4bde9f06bd0cf880ef46bf2
preview-noise,c,offset,dwvp,fixed_lookahead,0.055,1,0.02,1.0,7d8bbb453599df1b0585df58b32c7c251db024f20f2339e9e423b403ac3e0371,0.5,,False,True,3600,120.0,,,0.009047797956873039,0.5,0.08144488590734679,0.5093940592602114,1.1147693160555225,0.18863636848763,0.0,0.0,99.77777777777777,7.879217640863881,135.64488457388555,12.490688647467183,15.749445083480206,,False,0.22011061127962994,0.045510941215726415,1550,,0.0,6.308085367188389e-16,0.0,0.0,0.0,3.25,False,3600,0.5093940592602114,0.08146746603879593,0.5093940592602114,0.37877829238788746,0.5,0.008911490246426594,119.93333333333334,1.0443124229044103,0.008707440991420875,9.772942359960823,0.08148645658666612,0.0,0.0,0.5093940592602114,7.881406920564038,135.64488457388555,1550,1550,1550,0.004546912320145271,True,3.966666666666667,0.5265821421340704,,,,,,,,,0,3600,0,3592,0,3592,0,0,0,0,0.055,0.055,0,0,0.0,0.0,0.0,0.0,2.7755575615628914e-17,0.0,0.0,0.0,1.3877787807814457e-16,0.0,0.0,0.0,1.1102230246251565e-16,0.0,0.0,0.0,timeout,1.0,1.0,1.0,0.75,0.055,e07e29532c28c0eef61b1d0bbac1622f188b4e1d034e1256a11e84e297790613
preview-noise,c,offset,dwvp,fixed_lookahead,0.055,2,0.02,1.0,afed20b4ff7ab55f26a56b7fe00efc0d41e3a2387c0cf2a198dfe0e3611e6a3d,0.5,,False,True,3600,120.0,,,0.009574860018898262,0.5,0.07934942615288579,0.2635419825733028,1.1270333985764913,0.010330169551788936,0.0,0.0,100.0,8.25243797253041,138.4211121014332,12.54267321782377,15.636701481067094,,False,0.21830412158294374,0.03236160313625098,1557,,0.0,1.5139404881252135e-15,0.0,0.0,0.0,3.25,False,3601,0.2635419825733028,0.07934942615288579,0.22964263387731684,0.2635419825733028,0.5,0.009574860018898262,120.0,1.1409115406102655,0.009507596171752212,9.524403949725528,0.0793700329143794,0.0,0.0,0.2635419825733028,8.25243797253041,138.4211121014332,1557,1557,1557,0.005810218754660538,True,4.066666666666666,0.5100311074137396,,,,,,,,,0,3600,0,3600,0,3600,0,0,0,0,0.055,0.055,0,0,0.0,0.0,0.0,0.0,2.7755575615628914e-17,0.0,0.0,0.0,3.3306690738754696e-16,0.0,0.0,0.0,1.1102230246251565e-16,0.0,0.0,0.0,timeout,1.0,1.0,1.0,0.75,0.055,291a2cdeb7ebe5b46d63cbeeb88c132e5ef907a18644a316d349beebbb3a7d3d
preview-noise,c,offset,dwvp,fixed_lookahead,0.055,3,0.02,1.0,08b8c2983647bc45a05abbd96935d51d4878aa9b5d1f7c432a944243018e08ff,0.5,,False,True,3600,120.0,,,0.009514683701608845,0.5,0.06620690458137882,0.298971948225163,1.261575925404966,0.04453204844944452,0.0,0.0,99.83333333333333,7.996101208286117,132.38714250794592,12.524324900322274,15.101991335029929,,False,0.22028481486498389,0.029595168091139386,1513,,0.0,1.5139404881252135e-15,0.0,0.0,0.0,3.25,False,3600,0.298971948225163,0.06622523214159824,0.209602558460229,0.298971948225163,0.5,0.009378505681646804,119.93333333333334,1.1004234898915983,0.009175293134171193,7.9462854455114,0.06625585418714341,0.0,0.0,0.298971948225163,7.998322964329704,132.38714250794592,1513,1513,1513,0.006165243917703721,True,4.566666666666666,0.5115602703572021,,,,,,,,,0,3600,0,3594,0,3594,0,0,0,0,0.055,0.055,0,0,0.0,0.0,0.0,0.0,2.7755575615628914e-17,0.0,0.0,0.0,3.3306690738754696e-16,0.0,0.0,0.0,1.1102230246251565e-16,0.0,0.0,0.0,timeout,1.0,1.0,1.0,0.75,0.055,dfbc8a0d2a55ad4e1712abdfa49a57b3db8c7038154ac41c0d4a120fb088fac4
preview-noise,c,offset,dwvp,fixed_lookahead,0.055,4,0.02,1.0,9f6d8e13460fa43ea89733f567d7b921107426f9707c5805f45911c9409f9811,0.5,,False,True,3600,120.0,,,0.009227017694985518,0.5,0.08556160906442599,0.49255961799031034,1.0727000624490257,0.06562819145192246,0.0,0.0,99.77777777777777,7.833330876219366,132.03061293716164,12.509812518345612,15.890782635214,,False,0.22007942151759394,0.048770547454055235,1542,,0.0,1.5139404881252135e-15,0.0,0.0,0.0,3.25,False,3600,0.49255961799031034,0.08558514872760276,0.27910739375298876,0.49255961799031034,0.5,0.00909075976780054,119.93333333333334,1.0658815509338857,0.008887283637581036,10.269110502183146,0.08562348945677999,0.0,0.0,0.49255961799031034,7.83550740605438,132.03061293716164,1542,1542,1542,0.006181673326565475,True,3.6999999999999997,0.5245877073717325,,,,,,,,,0,3600,0,3592,0,3592,0,0,0,0,0.055,0.055,0,0,0.0,0.0,0.0,0.0,1.3877787807814457e-16,0.0,0.0,0.0,3.3306690738754696e-16,0.0,0.0,0.0,1.1102230246251565e-16,0.0,0.0,0.0,timeout,1.0,1.0,1.0,0.75,0.055,5edc2784edb861acbf1828fcafe43750416fac732ad9cf80b71ceba17d0288f9
preview-noise,c,offset,dwvp,fixed_lookahead,0.055,5,0.02,1.0,1e132df3cf0a32b506d53919f6da9beb485d6706526fdfae670a2234e5223e7e,0.5,,False,True,3600,120.0,,,0.009240488528076433,0.5,0.08005672898846251,0.31714684466320725,1.1602926925471058,0.25043016312009553,0.0,0.0,99.72222222222223,8.365195029602512,126.06912259273851,12.515065179278885,15.957902050293663,,False,0.22015607900395442,0.04020795516534628,1561,,0.0,6.308085367188389e-16,0.0,0.0,0.0,3.25,False,3601,0.31714684466320725,0.08005672898846251,0.25056228067150127,0.31714684466320725,0.5,0.009240488528076433,120.0,1.1007832001053293,0.009173193334211077,9.605302200196446,0.08004418500163706,0.0,0.0,0.31714684466320725,8.365195029602512,126.06912259273851,1561,1561,1561,0.006514164814928541,True,3.2,0.49481243742567405,,,,,,,,,0,3600,0,3590,0,3590,0,0,0,0,0.055,0.055,0,0,0.0,0.0,0.0,0.0,2.7755575615628914e-17,0.0,0.0,0.0,1.3877787807814457e-16,0.0,0.0,0.0,1.1102230246251565e-16,0.0,0.0,0.0,timeout,1.0,1.0,1.0,0.75,0.055,6a18fb0f41b3aed1e81da706d57f32fefc13ec5c03c0380002069f4b8f3fff90
preview-noise,c,offset,dwvp,fixed_lookahead,0.055,6,0.02,1.0,3cde6de6e98396ba1ee6117a4b3332816c38dad9c3870d93277a3be0f883e7ff,0.5,,False,True,3600,120.0,,,0.009883050479436922,0.5,0.07328536470327472,0.25943072413921914,1.1010624710393544,0.01853388845003762,0.0,0.0,100.0,8.438150807365062,160.50201667924796,12.531041142107231,15.658719776485212,,False,0.21292610720304747,0.03420591588355396,1594,,0.0,1.5139404881252135e-15,0.0,0.0,0.0,3.25,False,3601,0.25943072413921914,0.07328536470327472,0.25943072413921914,0.2266136482570702,0.5,0.009883050479436922,120.0,1.1779376651257552,0.009816147209381293,8.796377711742242,0.07330314759785202,0.0,0.0,0.25943072413921914,8.438150807365062,160.50201667924796,1594,1594,1594,0.008706645938537975,True,4.233333333333333,0.5084313752690756,,,,,,,,,0,3600,0,3600,0,3600,0,0,0,0,0.055,0.055,0,0,0.0,0.0,0.0,0.0,2.7755575615628914e-17,0.0,0.0,0.0,3.3306690738754696e-16,0.0,0.0,0.0,1.1102230246251565e-16,0.0,0.0,0.0,timeout,1.0,1.0,1.0,0.75,0.055,e973794546fdcc8221b29c17e1470c2d192a8002a91c3d1dd0371921616ad46d
preview-noise,c,offset,dwvp,fixed_lookahead,0.055,7,0.02,1.0,56d086759d045a3a74aa2a802d11b392b05000c11985845ec931c5fba50f0d01,0.5,,False,True,3600,120.0,,,0.009276730571272087,0.5,0.07695826108999174,0.29834958312576304,1.1266875763427713,0.07957730766826182,0.0,0.0,99.75,8.189236832133052,122.8984071096195,12.515062643191378,15.624223235008552,,False,0.22006182525071882,0.050561562605329666,1580,,0.0,1.8503717077085943e-16,0.0,0.0,0.0,3.25,False,3601,0.29834958312576304,0.07695826108999174,0.27148235865661346,0.29834958312576304,0.5,0.009276730571272087,120.0,1.1051829213288675,0.009209857677740563,9.236230317707534,0.07696858598089612,0.0,0.0,0.29834958312576304,8.189236832133052,122.8984071096195,1580,1580,1580,0.007732966957402203,True,3.5,0.5075628160876623,,,,,,,,,0,3600,0,3591,0,3591,0,0,0,0,0.055,0.055,0,0,0.0,0.0,0.0,0.0,2.7755575615628914e-17,0.0,0.0,0.0,2.7755575615628914e-17,0.0,0.0,0.0,1.1102230246251565e-16,0.0,0.0,0.0,timeout,1.0,1.0,1.0,0.75,0.055,229c3d907c5e280de31efd92e19c604d0ce956df59b9adffd2c7518e3bb30a9d
preview-noise,c,offset,dwvp,fixed_lookahead,0.055,8,0.02,1.0,b275e91b85fdb988f18f6dd1bebf4472eb582a142d8eaa2a7feda2dc342c2f5d,0.5,,False,True,3600,120.0,,,0.009314833526447163,0.5,0.08433061490556953,0.32406619905066536,1.184675981454341,0.05232436049890225,0.0,0.0,100.0,8.119953219564353,137.21326521472804,12.567368311211279,15.560740076532435,,False,0.21296536146098818,0.03878398507708852,1577,,0.0,1.5139404881252135e-15,0.0,0.0,0.0,3.25,False,3601,0.32406619905066536,0.08433061490556953,0.3161797538071446,0.32406619905066536,0.5,0.009314833526447163,120.0,1.1097465289638624,0.009247887741365519,10.121612736490214,0.08434677280408512,0.0,0.0,0.32406619905066536,8.119953219564353,137.21326521472804,1577,1577,1577,0.0060789184416058985,True,5.4,0.5296352743376315,,,,,,,,,0,3600,0,3600,0,3600,0,0,0,0,0.055,0.055,0,0,0.0,0.0,0.0,0.0,1.3877787807814457e-16,0.0,0.0,0.0,3.3306690738754696e-16,0.0,0.0,0.0,1.1102230246251565e-16,0.0,0.0,0.0,timeout,1.0,1.0,1.0,0.75,0.055,b49082f641fe0a913ed934f8bb6ff97e963c0d804a7cb040b0f398ab1c9d0476
preview-noise,c,offset,dwvp,fixed_lookahead,0.055,9,0.02,1.0,40c8de6e7b5be38634b3800d91fea97e6eb8ab90000353b213756fd1e3ea7357,0.5,,False,True,3600,120.0,,,0.009221288544782841,0.5,0.07456623803945316,0.3665575482678597,1.1790325616953081,0.11858858139499626,0.0,0.0,99.80555555555556,8.609470121573553,149.84094481247703,12.49744824754651,16.05639108575216,,False,0.220820552922032,0.045076818151433426,1561,,0.0,1.5139404881252135e-15,0.0,0.0,0.0,3.25,False,3598,0.3665575482678597,0.074616577820674,0.3257750651264534,0.3665575482678597,0.5,0.008819008710007592,119.83333333333334,1.0164969926518623,0.00848258964660803,8.946560893408897,0.07465836628713961,0.0,0.0,0.3665575482678597,8.616652660607125,149.84094481247703,1561,1561,1561,0.013477300113784904,True,3.033333333333333,0.49217927829408414,,,,,,,,,0,3600,0,3593,0,3593,0,0,0,0,0.055,0.055,0,0,0.0,0.0,0.0,0.0,1.3877787807814457e-16,0.0,0.0,0.0,3.3306690738754696e-16,0.0,0.0,0.0,1.1102230246251565e-16,0.0,0.0,0.0,timeout,1.0,1.0,1.0,0.75,0.055,fe9e12a013af6140945fd71e0cc73b0d5290ef6f7aa47b78ed8f207b8e1af817
preview-noise,c,offset,dwvp,fixed_lookahead,0.055,10,0.02,1.0,f8a0a6999fc3892881f500b60c451ce6842cc94c7c1553cc4d60a5efed4d1971,0.5,,False,True,3600,120.0,,,0.009014634915981935,0.5,0.06462379097929477,0.2456789045376592,1.20125875939479,0.01126417811761151,0.0,0.0,99.91666666666667,8.35884591093459,134.47678617144595,12.458715681031547,15.64127151446604,,False,0.2203561817533385,0.034830078612167734,1537,,0.0,6.308085367188389e-16,0.0,0.0,0.0,3.25,False,3601,0.2456789045376592,0.06462379097929477,0.2456789045376592,0.22778579392922582,0.5,0.009014634915981935,120.0,1.073689968328658,0.008947416402738818,7.756821307579388,0.06464017756316157,0.0,0.0,0.2456789045376592,8.35884591093459,134.47678617144595,1537,1537,1537,0.007612704034097338,True,3.1666666666666665,0.49557552757212847,,,,,,,,,0,3600,0,3597,0,3597,0,0,0,0,0.055,0.055,0,0,0.0,0.0,0.0,0.0,2.7755575615628914e-17,0.0,0.0,0.0,1.3877787807814457e-16,0.0,0.0,0.0,1.1102230246251565e-16,0.0,0.0,0.0,timeout,1.0,1.0,1.0,0.75,0.055,1bce54c70c178ee742fd09b6c6847e513c9d95873a653ba2a1c2e596a218202a
preview-noise,c,offset,dwvp,fixed_lookahead,0.055,11,0.02,1.0,4d2f4c0b40d2a2369dd35f3f4382212064b7d4d054c26da6dd7744042179afec,0.5,,False,True,3600,120.0,,,0.009082291678699955,0.5,0.08952657808634504,0.3327272121535303,1.1218074176513242,0.1173277535441225,0.0,0.0,99.77777777777777,8.129775394830485,134.68882963393642,12.576429716770047,15.92110329620655,,False,0.2201340270860475,0.036965361491582964,1597,,0.0,1.8503717077085943e-16,0.0,0.0,0.0,3.25,False,3599,0.3327272121535303,0.08957585299102254,0.2804471386149794,0.3327272121535303,0.5,0.008809959279237226,119.86666666666667,1.015296240200794,0.00847021334983977,10.744143450470897,0.08963412222306087,0.0,0.0,0.3327272121535303,8.134294446965628,134.68882963393642,1597,1597,1597,0.005510353367502769,True,5.133333333333333,0.5385448657462936,,,,,,,,,0,3600,0,3592,0,3592,0,0,0,0,0.055,0.055,0,0,0.0,0.0,0.0,0.0,2.7755575615628914e-17,0.0,0.0,0.0,2.7755575615628914e-17,0.0,0.0,0.0,1.1102230246251565e-16,0.0,0.0,0.0,timeout,1.0,1.0,1.0,0.75,0.055,b9e1479b4dafa45b07d8b28931ae6f9d0e95ae5b6155f5626bf9a635f8dcca69
preview-noise,c,offset,dwvp,fixed_lookahead,0.055,12,0.02,1.0,c6f489e2b53ac8f34da96e02180d91fc8b9bf5e7cf12779f8520e678c54f4d0d,0.5,,False,True,3600,120.0,,,0.009240305405610777,0.5,0.07271949008275685,0.40447515239756066,1.1600864358183018,0.12081891845317272,0.0,0.0,99.72222222222223,8.609001384628241,122.25448660082961,12.50277994857326,15.799362411977118,,False,0.22004943968453966,0.04927783065137736,1561,,0.0,6.308085367188389e-16,0.0,0.0,0.0,3.25,False,3600,0.40447515239756066,0.07273959326880343,0.29841636206216005,0.40447515239756066,0.5,0.009104051169452726,119.93333333333334,1.0674603605715713,0.00890044769792861,8.72672487428962,0.07276313124755102,0.0,0.0,0.40447515239756066,8.611393438025633,122.25448660082961,1561,1561,1561,0.007042841842578446,True,5.333333333333333,0.5304782704482993,,,,,,,,,0,3600,0,3590,0,3590,0,0,0,0,0.055,0.055,0,0,0.0,0.0,0.0,0.0,1.3877787807814457e-16,0.0,0.0,0.0,1.3877787807814457e-16,0.0,0.0,0.0,1.1102230246251565e-16,0.0,0.0,0.0,timeout,1.0,1.0,1.0,0.75,0.055,e2840e758870bcd4866ac99f41e7aa7bcd462257ebf454c8020a5b6eb4875971
preview-noise,c,offset,dwvp,fixed_lookahead,0.055,13,0.02,1.0,3b2a67a0d0e79571bad4cccdf8a444c9313e0f38e84ee57389051ebf67df2120,0.5,,False,True,3600,120.0,,,0.009774184587568627,0.5,0.068375773991325,0.3066670854597818,1.072099507641185,0.011548493969925534,0.0,0.0,99.97222222222221,8.339630334533561,122.38945568475765,12.578328455190498,15.959796104146903,,False,0.22000118931083254,0.039041837704016494,1576,,0.0,1.8503717077085943e-16,0.0,0.0,0.0,3.25,False,3595,0.3066670854597818,0.06848731241564919,0.30277586150650326,0.3066670854597818,0.5,0.008960832893253777,119.73333333333333,1.0324953613829204,0.008623290880146885,8.206759225376581,0.06854197571305608,0.0,0.0,0.3066670854597818,8.353552921927061,122.38945568475765,1576,1576,1576,0.00796527709118519,True,4.3,0.5271580379911923,,,,,,,,,0,3600,0,3599,0,3599,0,0,0,0,0.055,0.055,0,0,0.0,0.0,0.0,0.0,2.7755575615628914e-17,0.0,0.0,0.0,2.7755575615628914e-17,0.0,0.0,0.0,1.1102230246251565e-16,0.0,0.0,0.0,timeout,1.0,1.0,1.0,0.75,0.055,c4a7f80ad018dd9609b4319500db6158f13017fc4244329c2269281549545e41
preview-noise,c,offset,dwvp,fixed_lookahead,0.055,14,0.02,1.0,ed88a88b63ddd96a97b08725cac213d759f7171838d9a7e1c8c2f165fecbc53b,0.5,,False,True,3600,120.0,,,0.009323619614380146,0.5,0.08421301673694821,0.35354646752861707,1.152893332660452,0.05450942851283884,0.0,0.0,99.80555555555556,8.114539297664708,115.04867926132685,12.425655609433116,15.757553565164404,,False,0.220068230294863,0.039439020661584626,1539,,0.0,1.5139404881252135e-15,0.0,0.0,0.0,3.25,False,3601,0.35354646752861707,0.08421301673694821,0.35354646752861707,0.33804009703026533,0.5,0.009323619614380146,120.0,1.1107967519751818,0.009256639599793181,10.107460618516468,0.08422883848763724,0.0,0.0,0.35354646752861707,8.114539297664708,115.04867926132685,1539,1539,1539,0.006673000539011804,True,4.1,0.5216821002077946,,,,,,,,,0,3600,0,3593,0,3593,0,0,0,0,0.055,0.055,0,0,0.0,0.0,0.0,0.0,1.3877787807814457e-16,0.0,0.0,0.0,3.3306690738754696e-16,0.0,0.0,0.0,1.1102230246251565e-16,0.0,0.0,0.0,timeout,1.0,1.0,1.0,0.75,0.055,db84d8f453e16737102c9e00a245aff65513a070447f08fd070026bbf3429215
preview-noise,c,offset,dwvp,fixed_lookahead,0.055,15,0.02,1.0,6c258e2c7a6137cbfa32e2624a22012161150a91b3e181d36c21a061e76a5327,0.5,,False,True,3600,120.0,,,0.009484105877876988,0.5,0.07270903823249882,0.25539857471051197,1.0657219595834508,0.026186987563252488,0.0,0.0,100.0,8.12526517372211,133.96418423522803,12.453568489336014,16.33792187501829,,False,0.21557294058706816,0.037919645157798415,1592,,0.0,1.5139404881252135e-15,0.0,0.0,0.0,3.25,False,3601,0.25539857471051197,0.07270903823249882,0.21963478798327693,0.25539857471051197,0.5,0.009484105877876988,120.0,1.1300129232278562,0.009416774360232135,8.72707177271489,0.07272559810595741,0.0,0.0,0.25539857471051197,8.12526517372211,133.96418423522803,1592,1592,1592,0.005996090417564072,True,4.066666666666666,0.510641328405705,,,,,,,,,0,3600,0,3600,0,3600,0,0,0,0,0.055,0.055,0,0,0.0,0.0,0.0,0.0,1.3877787807814457e-16,0.0,0.0,0.0,3.3306690738754696e-16,0.0,0.0,0.0,1.1102230246251565e-16,0.0,0.0,0.0,timeout,1.0,1.0,1.0,0.75,0.055,e9dde77930c5bd5936e9959c49a5ae9552e9a020876f293b1d0db0bab6d73283
preview-noise,c,offset,dwvp,fixed_lookahead,0.055,16,0.02,1.0,62602487109eff73b9c4e5823f6094dd5f83d64f84cdaad0582434e48da2ef83,0.5,,False,True,3600,120.0,,,0.009066191951277216,0.5,0.07700589347383033,0.38405331444563773,1.139023790956157,0.007407462896071652,0.0,0.0,99.55555555555556,8.090829491726893,153.45973523210395,12.413304956112665,15.431665834707209,,False,0.22044601769955843,0.038696129336324964,1538,,0.0,1.8503717077085943e-16,0.0,0.0,0.0,3.25,False,3601,0.38405331444563773,0.07700589347383033,0.38405331444563773,0.2961319183003588,0.5,0.009066191951277216,120.0,1.079883505450851,0.008999029212090425,9.243150622260499,0.07702625518550416,0.0,0.0,0.38405331444563773,8.090829491726893,153.45973523210395,1538,1538,1538,0.007523751365609296,True,4.866666666666666,0.5396811799363456,,,,,,,,,0,3600,0,3584,0,3584,0,0,0,0,0.055,0.055,0,0,0.0,0.0,0.0,0.0,2.7755575615628914e-17,0.0,0.0,0.0,2.7755575615628914e-17,0.0,0.0,0.0,1.1102230246251565e-16,0.0,0.0,0.0,timeout,1.0,1.0,1.0,0.75,0.055,1cfa6bf17ec658157ac66715bee497c5ebf10d17526143230c45658d7a378a8e
preview-noise,c,offset,dwvp,fixed_lookahead,0.055,17,0.02,1.0,b95c100ef3916cb6fd4aab89d2847ab73fbdb2d1fd4eb4591c2747078b23f4ef,0.5,,False,True,3600,120.0,,,0.009100823258187708,0.5,0.09076133658251878,0.3165060519584384,1.1631762700216066,0.15354558988649794,0.0,0.0,99.94444444444444,7.967492507068208,139.80638307469678,12.451475288983753,15.824374804193415,,False,0.22005167793149658,0.04491435189906796,1543,,0.0,6.308085367188389e-16,0.0,0.0,0.0,3.25,False,3601,0.3165060519584384,0.09076133658251878,0.3165060519584384,0.3099707921156824,0.5,0.009100823258187708,120.0,1.0840467264266977,0.009033722720222482,10.891826674623562,0.09076522228852969,0.0,0.0,0.3165060519584384,7.967492507068208,139.80638307469678,1543,1543,1543,0.006660506139383471,True,3.8666666666666667,0.510395102356428,,,,,,,,,0,3600,0,3598,0,3598,0,0,0,0,0.055,0.055,0,0,0.0,0.0,0.0,0.0,1.3877787807814457e-16,0.0,0.0,0.0,2.7755575615628914e-17,0.0,0.0,0.0,1.1102230246251565e-16,0.0,0.0,0.0,timeout,1.0,1.0,1.0,0.75,0.055,d24ba6ef1ed134253237907d7020a81e784e178b15d70ae2da58608d758b4d05
preview-noise,c,offset,dwvp,fixed_lookahead,0.055,18,0.02,1.0,b56649dd2d1c83fe48df65be0c2c5142072e4831446344830e1ab469a251014d,0.5,,False,True,3600,120.0,,,0.008894719595739271,0.5,0.08741329239894219,0.47475953240257424,1.2033253570537545,0.10326738770064496,0.0,0.0,99.66666666666667,8.74803526519184,153.63200285356254,12.626831858183658,15.10771677497952,,False,0.2201977767568993,0.039442533494698645,1534,,0.0,1.5139404881252135e-15,0.0,0.0,0.0,3.25,False,3592,0.47475953240257424,0.08761210140538903,0.47475953240257424,0.32236924847840087,0.5,0.007688312516329581,119.66666666666667,0.8959317483328936,0.007486894832865406,10.488094090086104,0.08764424030712621,0.0,0.0,0.47475953240257424,8.769966272582634,153.63200285356254,1534,1534,1534,0.005312055184569793,True,3.5666666666666664,0.5009347245464221,,,,,,,,,0,3600,0,3588,0,3588,0,0,0,0,0.055,0.055,0,0,0.0,0.0,0.0,0.0,2.7755575615628914e-17,0.0,0.0,0.0,3.3306690738754696e-16,0.0,0.0,0.0,1.1102230246251565e-16,0.0,0.0,0.0,timeout,1.0,1.0,1.0,0.75,0.055,142dfa711c1a7483150cc06378f1b49f637fc6f6dfd27fe0ecb006e4884899e4
preview-noise,c,offset,dwvp,fixed_lookahead,0.055,19,0.02,1.0,5044936f8391cad92fcf070fa9384279890064499c825b232d8b550e8ac1fbc0,0.5,,False,True,3600,120.0,,,0.010014306293308956,0.5,0.09821366238755921,0.3695100979701157,1.0974591435351155,0.08728428273166096,0.0,0.0,99.97222222222221,8.176833677433088,147.20432537482355,12.5299599229439,15.96281584142082,,False,0.22001427999460696,0.03757908001283343,1568,,0.0,1.5139404881252135e-15,0.0,0.0,0.0,3.25,False,3599,0.3695100979701157,0.0982658291775354,0.30523456766617857,0.3695100979701157,0.5,0.009744461504947111,119.9,1.1441387347121097,0.009542441490509672,11.787150253092245,0.09830817558875933,0.0,0.0,0.3695100979701157,8.18137888768909,147.20432537482355,1568,1568,1568,0.015104124047841562,True,3.3333333333333335,0.4947714089008581,,,,,,,,,0,3600,0,3599,0,3599,0,0,0,0,0.055,0.055,0,0,0.0,0.0,0.0,0.0,2.7755575615628914e-17,0.0,0.0,0.0,3.3306690738754696e-16,0.0,0.0,0.0,1.1102230246251565e-16,0.0,0.0,0.0,timeout,1.0,1.0,1.0,0.75,0.055,cdae8902fe76e7bfd7b7109ee222ebb86e01e8b533bd703d59d0eab9ccc3f9ee
preview-noise,c,gradual,dwvp,fixed_lookahead,0.055,0,0.02,1.0,30ea885dd9990ecc7a50aa3448cf0c5f741ec200b8eb27b5b7c511a062c37adb,,1.0,False,True,3600,120.0,,,0.0019428198420286171,0.008624945239054568,0.17957963887447106,2.2448411799248382,0.8126890001720792,0.054457409236639866,0.0,0.0,100.0,8.263231743622075,115.01487881779053,12.471449410649697,17.791440225394275,,False,0.0788660425043245,0.14238266460386373,1733,,0.0,6.308085367188389e-16,0.0,0.0,0.0,3.25,False,3601,2.2448411799248382,0.17957963887447106,1.7874496760878675,2.2448411799248382,0.008624945239054568,0.0019428198420286171,120.0,0.23317121200228516,0.0019430934333523762,21.55463502941174,0.1796219585784312,0.0,0.0,90.25042536188485,8.263231743622075,115.01487881779053,1733,1733,1733,,,,,,,0.25042536188484577,2.2448411799248382,0.0024802239851171473,0.3819718634205488,-0.3794916394354316,0.14238266460386373,941,3600,31,3600,31,3600,0,0,0,0,0.055,0.055,0,0,0.0,0.0,0.0,0.0,1.3877787807814457e-16,0.0,0.0,0.0,2.7755575615628914e-17,0.0,0.0,0.0,1.1102230246251565e-16,0.0,0.0,0.0,timeout,1.0,1.0,1.0,0.75,0.055,021a4c10f90220c01a333e6a3395095a62b2c6b60b013b73372c0574baa1d290
preview-noise,c,gradual,dwvp,fixed_lookahead,0.055,1,0.02,1.0,a0a70ba73f52f83f2e2f0fcc29b691cda697971aab833acf103bfcef5d7e1835,,1.0,False,True,3600,120.0,,,0.0017428459720607349,0.008216683627196577,0.20466238139999365,2.050855597216489,0.9098900094163259,0.18863638365717103,0.0,0.0,100.0,8.176338474863979,136.56942442378002,12.417249038270565,17.910396327850417,,False,0.06705264169620337,0.11874574486085847,1672,,0.0,6.308085367188389e-16,0.0,0.0,0.0,3.25,False,3601,2.050855597216489,0.20466238139999365,2.0011583260173396,2.050855597216489,0.008216683627196577,0.0017428459720607349,120.0,0.20912098262298673,0.001742674855191556,24.563163907651614,0.20469303256376345,0.0,0.0,90.28820180953561,8.176338474863979,136.56942442378002,1672,1672,1672,,,,,,,0.2882018095356097,2.015534906002503,0.00045928402877457356,0.3819718634205488,-0.3815125793917742,0.11874574486085847,1075,3600,30,3600,30,3600,0,0,0,0,0.055,0.055,0,0,0.0,0.0,0.0,0.0,1.3877787807814457e-16,0.0,0.0,0.0,1.3877787807814457e-16,0.0,0.0,0.0,1.1102230246251565e-16,0.0,0.0,0.0,timeout,1.0,1.0,1.0,0.75,0.055,a237b2fc076dbab5a816d467718e544762812628367e2ba4d33bd6b3e0c7ea2d
preview-noise,c,gradual,dwvp,fixed_lookahead,0.055,2,0.02,1.0,3b17c6506818d3979dd79f66a225f7c85126003923915a74f1db4136b746395e,,1.0,False,True,3600,120.0,,,0.001502817038740229,0.005810219389826257,0.18407300034623433,2.055646516604173,0.9067524152579398,0.01041981054166635,0.0,0.0,100.0,8.691050157344009,138.42109249823613,12.570144736526796,17.903434688751812,,False,0.07076154919342344,0.13476786886116204,1707,,0.0,1.8503717077085943e-16,0.0,0.0,0.0,3.25,False,3601,2.055646516604173,0.18407300034623433,1.6301883021313528,2.055646516604173,0.005810219389826257,0.001502817038740229,120.0,0.18033064805438542,0.0015027554004532118,22.094722144717302,0.18412268453931085,0.0,0.0,90.21435067751798,8.691050157344009,138.42109249823613,1707,1707,1707,,,,,,,0.21435067751800432,2.041450032470139,0.0005465890083524395,0.3819718634205488,-0.38142527441219637,0.13476786886116204,1017,3600,24,3600,24,3600,0,0,0,0,0.055,0.055,0,0,0.0,0.0,0.0,0.0,2.7755575615628914e-17,0.0,0.0,0.0,2.7755575615628914e-17,0.0,0.0,0.0,1.1102230246251565e-16,0.0,0.0,0.0,timeout,1.0,1.0,1.0,0.75,0.055,e838a9af006d6f1db47104f6616f503862b55fdad58a812fd27e540b5d0ea328
preview-noise,c,gradual,dwvp,fixed_lookahead,0.055,3,0.02,1.0,407bcf48b2c8eb3c43943e257387f2450f2d02b1e5a4208d047e960579191dfa,,1.0,False,True,3600,120.0,,,0.0021079748912500923,0.00769135160773064,0.16542665582374325,1.9010125538484242,0.936351373362169,0.04454178182376323,0.0,0.0,100.0,8.49355095989282,125.55036930735336,12.516917703242694,17.20129258564406,,False,0.07602146243097889,0.13581690733472584,1640,,0.0,1.8503717077085943e-16,0.0,0.0,0.0,3.25,False,3601,1.9010125538484242,0.16542665582374325,1.7186514524631178,1.9010125538484242,0.00769135160773064,0.0021079748912500923,120.0,0.25301783876682854,0.002108481989723571,19.855970557679576,0.16546642131399647,0.0,0.0,90.20952240861214,8.49355095989282,125.55036930735336,1640,1640,1640,,,,,,,0.20952240861214996,1.8906713052187916,0.0,0.3819718634205488,-0.3819718634205488,0.13581690733472584,1063,3600,26,3600,26,3600,0,0,0,0,0.055,0.055,0,0,0.0,0.0,0.0,0.0,2.7755575615628914e-17,0.0,0.0,0.0,2.7755575615628914e-17,0.0,0.0,0.0,1.1102230246251565e-16,0.0,0.0,0.0,timeout,1.0,1.0,1.0,0.75,0.055,39c6be8f6d0fab5d0b133e7b8dcd7f0ef2c7b9317e1726fb630e61b955c39811
preview-noise,c,gradual,dwvp,fixed_lookahead,0.055,4,0.02,1.0,1c309aa9e98860892fa79b2e4eaf96a0687a78c21c7b357e600fba52c48f54bb,,1.0,False,True,3600,120.0,,,0.002181149933564358,0.008738488169782576,0.1829122686852034,2.1451296666275392,0.7126702574921846,0.0656279575908765,0.0,0.0,100.0,8.467286905138984,132.03060945207423,12.607298021504134,17.60779842536451,,False,0.08299637660241467,0.1488523898238465,1700,,0.0,6.308085367188389e-16,0.0,0.0,0.0,3.25,True,3557,2.1451296666275392,0.18433329100499837,2.1451296666275392,1.9132966774448021,0.008738488169782576,0.0021869274090871907,118.53333333333333,0.25928988554186594,0.0021874849736377893,21.855031438234082,0.18437878041254852,0.0,0.0,90.2378773714402,8.470814409125405,132.03060945207423,1679,1700,1679,,,,,,,0.23787737144020074,1.8737744245476626,0.000648674037393385,0.3819718634205488,-0.3813231893831554,0.1488523898238465,890,3600,25,3600,25,3600,0,0,0,0,0.055,0.055,0,0,0.0,0.0,0.0,0.0,1.3877787807814457e-16,0.0,0.0,0.0,1.3877787807814457e-16,0.0,0.0,0.0,1.1102230246251565e-16,0.0,0.0,0.0,timeout,1.0,1.0,1.0,0.75,0.055,d545ddc10be8c09a64df7f587a005760807f306717ce71e66c0bd24c57bcf392
preview-noise,c,gradual,dwvp,fixed_lookahead,0.055,5,0.02,1.0,29b96770ffaa17242b1faa96341b71b2d5d487a28fb6df272e1df5ed4754cfc9,,1.0,False,True,3600,120.0,,,0.002191068262639374,0.00925383284053724,0.20881039774760568,1.920772703918588,0.9204432958332354,0.25043039033635206,0.0,0.0,100.0,8.778138566812068,126.0691226821981,12.50938469736331,18.106073261339354,,False,0.08002584177313181,0.1278250405942304,1681,,0.0,6.308085367188389e-16,0.0,0.0,0.0,3.25,False,3601,1.920772703918588,0.20881039774760568,1.920772703918588,1.8431208851621674,0.00925383284053724,0.002191068262639374,120.0,0.26295112090858686,0.0021912593409048903,25.06003423646532,0.208833618637211,0.0,0.0,90.25056251357064,8.778138566812068,126.0691226821981,1681,1681,1681,,,,,,,0.2505625135706457,1.8431208851621674,2.2210646035975522e-05,0.3819718634205488,-0.3819496527745128,0.1278250405942304,1101,3600,32,3600,32,3600,0,0,0,0,0.055,0.055,0,0,0.0,0.0,0.0,0.0,1.3877787807814457e-16,0.0,0.0,0.0,1.3877787807814457e-16,0.0,0.0,0.0,1.1102230246251565e-16,0.0,0.0,0.0,timeout,1.0,1.0,1.0,0.75,0.055,489d2210adb9da48d79b077545112c99d8cf7f0fbe7d0aa16732938b0e75dbc6
preview-noise,c,gradual,dwvp,fixed_lookahead,0.055,6,0.02,1.0,a7624c6c45d845e34522dac3364d9f450f47adf0e3c5922fa83e43e5c8b5a166,,1.0,False,True,3600,120.0,,,0.002240709048909669,0.008761800776527882,0.18627464239496436,2.0890718227413183,0.8069843253363803,0.01710038626621121,0.0,0.0,100.0,8.69105524625178,160.08032842501302,12.492624396208376,17.781074977757232,,False,0.07797123231388167,0.13969933674163673,1703,,0.0,6.308085367188389e-16,0.0,0.0,0.0,3.25,False,3601,2.0890718227413183,0.18627464239496436,2.0890718227413183,1.815062807032983,0.008761800776527882,0.002240709048909669,120.0,0.2689401953888164,0.0022411682949068034,22.358881235704455,0.18632401029753712,0.0,0.0,90.25781733794756,8.69105524625178,160.08032842501302,1703,1703,1703,,,,,,,0.257817337947551,1.7457433032106795,0.0,0.3819718634205488,-0.3819718634205488,0.13969933674163673,1014,3600,23,3600,23,3600,0,0,0,0,0.055,0.055,0,0,0.0,0.0,0.0,0.0,1.3877787807814457e-16,0.0,0.0,0.0,2.7755575615628914e-17,0.0,0.0,0.0,1.1102230246251565e-16,0.0,0.0,0.0,timeout,1.0,1.0,1.0,0.75,0.055,f98a9e877952d62358ac5bbaef6b4c1a22f88222310b09121f0cc0248b697c1f
preview-noise,c,gradual,dwvp,fixed_lookahead,0.055,7,0.02,1.0,53194f4853fb52cc1d8929f8ac1a89b87e151a7722c5d1c13734de8bfccd0d5e,,1.0,False,True,3600,120.0,,,0.002073156378625503,0.008072327079113303,0.20160179051925872,1.8599768244083157,0.7817903731853822,0.07958043829541012,0.0,0.0,100.0,8.443335944285835,122.90594983809666,12.483017202117766,17.656425626723195,,False,0.08560379251093542,0.1562682344432792,1709,,0.0,6.308085367188389e-16,0.0,0.0,0.0,3.25,False,3601,1.8599768244083157,0.20160179051925872,1.7361938208365382,1.8599768244083157,0.008072327079113303,0.002073156378625503,120.0,0.24884723214377738,0.0020737269345314784,24.19760858135676,0.20164673817797302,0.0,0.0,90.25673062579651,8.443335944285835,122.90594983809666,1709,1709,1709,,,,,,,0.25673062579653017,1.8599768244083157,0.000887456714780366,0.3819718634205488,-0.38108440670576843,0.1562682344432792,950,3600,22,3600,22,3600,0,0,0,0,0.055,0.055,0,0,0.0,0.0,0.0,0.0,1.3877787807814457e-16,0.0,0.0,0.0,1.3877787807814457e-16,0.0,0.0,0.0,1.1102230246251565e-16,0.0,0.0,0.0,timeout,1.0,1.0,1.0,0.75,0.055,2a6eadee6f67e7ce4a7fb6fbf76ef41de4dfce015a29839327cd310006979300
preview-noise,c,gradual,dwvp,fixed_lookahead,0.055,8,0.02,1.0,719129291143cb45a4477e48b3b3651166ce6e9ab3ac70a95971be4bfdd389cd,,1.0,False,True,3600,120.0,,,0.0015474671225126125,0.0060789212847387735,0.18513098808771825,1.959310250786889,0.8298409019543452,0.05232451890304406,0.0,0.0,100.0,8.645186873476431,130.81121313182695,12.516375946164837,17.496949031189526,,False,0.08649241397449246,0.15688520882273274,1712,,0.0,6.308085367188389e-16,0.0,0.0,0.0,3.25,False,3601,1.959310250786889,0.18513098808771825,1.959310250786889,1.8154573988619018,0.0060789212847387735,0.0015474671225126125,120.0,0.1857369816128157,0.0015478081801067977,22.221017528147406,0.18517514606789506,0.0,0.0,90.22946485052088,8.645186873476431,130.81121313182695,1712,1712,1712,,,,,,,0.22946485052088395,1.766723533115147,0.0012513541893210316,0.3819718634205488,-0.38072050923122774,0.15688520882273274,890,3600,25,3600,25,3600,0,0,0,0,0.055,0.055,0,0,0.0,0.0,0.0,0.0,1.3877787807814457e-16,0.0,0.0,0.0,1.3877787807814457e-16,0.0,0.0,0.0,1.1102230246251565e-16,0.0,0.0,0.0,timeout,1.0,1.0,1.0,0.75,0.055,fdb824f220162975c8f37e3599db170e7f030cd364836400b223a154a1edcb8b
preview-noise,c,gradual,dwvp,fixed_lookahead,0.055,9,0.02,1.0,98150bf48e29778a62ae58da3446b638be623be18df00c61a4aee67fa86722fd,,1.0,False,True,3600,120.0,,,0.0020751641940631137,0.008520609630441359,0.19057782502918375,2.087764590756568,0.8642334409671928,0.1185782837585224,0.0,0.0,100.0,8.778191807300871,116.51224052251929,12.532868011550987,18.15298924808183,,False,0.07099065572844052,0.1347572390378886,1705,,0.0,1.8503717077085943e-16,0.0,0.0,0.0,3.25,False,3601,2.087764590756568,0.19057782502918375,2.087764590756568,2.0738900763363004,0.008520609630441359,0.0020751641940631137,120.0,0.24904608981700388,0.0020753840818083656,22.873715292940386,0.19061429410783653,0.0,0.0,90.32576976215384,8.778191807300871,116.51224052251929,1705,1705,1705,,,,,,,0.32576976215384273,2.030589704798922,0.004670669466073443,0.3819718634205488,-0.37730119395447537,0.1347572390378886,1022,3600,32,3600,32,3600,0,0,0,0,0.055,0.055,0,0,0.0,0.0,0.0,0.0,2.7755575615628914e-17,0.0,0.0,0.0,2.7755575615628914e-17,0.0,0.0,0.0,1.1102230246251565e-16,0.0,0.0,0.0,timeout,1.0,1.0,1.0,0.75,0.055,94f076790f556e30b610f5c8a44cdfacab994d23302fbcd02464082e5936eb26
preview-noise,c,gradual,dwvp,fixed_lookahead,0.055,10,0.02,1.0,c3da4b240a37f5a404e20ef36d2c4453d9f4df96fe506c7210ba4c07f9fcd9c2,,1.0,False,True,3600,120.0,,,0.0020606732938513498,0.007612691451470048,0.16176512134843077,1.9188522715187348,0.8607306628584872,0.010027606129887224,0.0,0.0,100.0,8.641120575151932,142.05098034689377,12.436703590598274,17.85698565908931,,False,0.0776148284062374,0.1460387609162927,1680,,0.0,6.308085367188389e-16,0.0,0.0,0.0,3.25,False,3601,1.9188522715187348,0.16176512134843077,1.7172109068743866,1.9188522715187348,0.007612691451470048,0.0020606732938513498,120.0,0.2473149292143179,0.0020609577434526492,19.417039605754482,0.16180866338128735,0.0,0.0,90.17837150854788,8.641120575151932,142.05098034689377,1680,1680,1680,,,,,,,0.17837150854788053,1.9188522715187348,0.0003842598570163759,0.3819718634205488,-0.3815876035635324,0.1460387609162927,955,3600,32,3600,32,3600,0,0,0,0,0.055,0.055,0,0,0.0,0.0,0.0,0.0,1.3877787807814457e-16,0.0,0.0,0.0,1.3877787807814457e-16,0.0,0.0,0.0,1.1102230246251565e-16,0.0,0.0,0.0,timeout,1.0,1.0,1.0,0.75,0.055,632c8b9130471abc5ff179bbcb50d43837735bb74b52e024449d1c6dcbbc70f9
preview-noise,c,gradual,dwvp,fixed_lookahead,0.055,11,0.02,1.0,54377ee358226bcc19dca4f0e7ef0faa2d1b0120e77bc1a4db14079e20d8b72e,,1.0,False,True,3600,120.0,,,0.001838783931826962,0.00597113193377128,0.21574781505561977,2.396365445495721,0.8611003229908957,0.11624883787513873,0.0,0.0,100.0,8.46172748000552,118.95076771958239,12.562015207732866,17.99789200463882,,False,0.06676370292130294,0.13513542062429393,1732,,0.0,6.308085367188389e-16,0.0,0.0,0.0,3.25,False,3601,2.396365445495721,0.21574781505561977,2.396365445495721,2.101202026488465,0.00597113193377128,0.001838783931826962,120.0,0.22071408265290868,0.0018392840221075723,25.894991919878304,0.2157915993323192,0.0,0.0,90.24301161608261,8.46172748000552,118.95076771958239,1732,1732,1732,,,,,,,0.24301161608260982,2.101202026488465,0.00019607718638230305,0.3819718634205488,-0.38177578623416647,0.13513542062429393,1076,3600,27,3600,27,3600,0,0,0,0,0.055,0.055,0,0,0.0,0.0,0.0,0.0,1.3877787807814457e-16,0.0,0.0,0.0,2.7755575615628914e-17,0.0,0.0,0.0,1.1102230246251565e-16,0.0,0.0,0.0,timeout,1.0,1.0,1.0,0.75,0.055,ad74f55f44f3814530a29226cda38324e93ec979307ab844bcc0d23d69d4d2a1
preview-noise,c,gradual,dwvp,fixed_lookahead,0.055,12,0.02,1.0,bea901df94b0ed42270659836157dd4b8dcdc76f9e3588a7daa016117b3bec73,,1.0,False,True,3600,120.0,,,0.001757374250976546,0.008199725391627492,0.20389663073465936,2.1401179380280397,0.8056293215665361,0.12087685886919598,0.0,0.0,100.0,8.916609241915662,122.27334593249125,12.50632738798651,17.67739736993448,,False,0.09291915583517797,0.17523306373817654,1688,,0.0,6.308085367188389e-16,0.0,0.0,0.0,3.25,False,3601,2.1401179380280397,0.20389663073465936,2.1401179380280397,1.9519602130022002,0.008199725391627492,0.001757374250976546,120.0,0.21090548722560593,0.0017575457268800493,24.47237762820247,0.2039364802350206,0.0,0.0,90.23288540023441,8.916609241915662,122.27334593249125,1688,1688,1688,,,,,,,0.2328854002344049,1.9519602130022002,0.000879004566747642,0.3819718634205488,-0.3810928588538011,0.17523306373817654,911,3600,24,3600,24,3600,0,0,0,0,0.055,0.055,0,0,0.0,0.0,0.0,0.0,1.3877787807814457e-16,0.0,0.0,0.0,1.3877787807814457e-16,0.0,0.0,0.0,1.1102230246251565e-16,0.0,0.0,0.0,timeout,1.0,1.0,1.0,0.75,0.055,d49c4dab9bcb404811e9303e65117186803a52fe2e4464c66728f8b002cbc61e
preview-noise,c,gradual,dwvp,fixed_lookahead,0.055,13,0.02,1.0,554603a084c34f7caa0e9027c1f4d29460c38a54c5cc832dbd6d4617b7396763,,1.0,False,True,3600,120.0,,,0.0022219609128999998,0.008784178751975598,0.20338164696329847,2.2164300396987624,0.8862300804331389,0.008347326014668923,0.0,0.0,100.0,8.660445887208423,127.5640788991283,12.55617102362579,18.024825877303766,,False,0.06641864042842852,0.11378693998927827,1716,,0.0,1.8503717077085943e-16,0.0,0.0,0.0,3.25,False,3599,2.2164300396987624,0.2034925548818821,2.1724879017022434,2.2164300396987624,0.008784178751975598,0.002223059833841454,119.9,0.26665912418123877,0.0022240127121037428,24.4121595196024,0.203604332940804,0.0,0.0,90.18351741342816,8.662852903853006,127.5640788991283,1716,1716,1716,,,,,,,0.18351741342819386,2.2164300396987624,0.0001513987247845506,0.3819718634205488,-0.38182046469576425,0.11378693998927827,1053,3600,27,3600,27,3600,0,0,0,0,0.055,0.055,0,0,0.0,0.0,0.0,0.0,2.7755575615628914e-17,0.0,0.0,0.0,2.7755575615628914e-17,0.0,0.0,0.0,1.1102230246251565e-16,0.0,0.0,0.0,timeout,1.0,1.0,1.0,0.75,0.055,ce412c6db34954846be277033479444233f5f30c070699a0725b5e24d99e425b
preview-noise,c,gradual,dwvp,fixed_lookahead,0.055,14,0.02,1.0,b2f5fe910426e45eff5a6bcd13e8527fd7a4426b0cee3a7e9f5bc4de5231d208,,1.0,False,True,3600,120.0,,,0.002009075717838024,0.009541591126450831,0.17322835939539452,2.165016666350841,0.8758457502689274,0.054488398372954536,0.0,0.0,100.0,8.727334382629252,115.02431880530293,12.488338108815395,17.785442121338477,,False,0.07588810270356189,0.13852503037528163,1702,,0.0,6.308085367188389e-16,0.0,0.0,0.0,3.25,False,3601,2.165016666350841,0.17322835939539452,2.165016666350841,1.5609347703642695,0.009541591126450831,0.002009075717838024,120.0,0.24114099922607432,0.0020095083268839528,20.79226926612097,0.1732689105510081,0.0,0.0,90.16380645013008,8.727334382629252,115.02431880530293,1702,1702,1702,,,,,,,0.16380645013008907,1.519786932644126,0.0020427311171631814,0.3819718634205488,-0.3799291323033856,0.13852503037528163,973,3600,31,3600,31,3600,0,0,0,0,0.055,0.055,0,0,0.0,0.0,0.0,0.0,2.7755575615628914e-17,0.0,0.0,0.0,1.3877787807814457e-16,0.0,0.0,0.0,1.1102230246251565e-16,0.0,0.0,0.0,timeout,1.0,1.0,1.0,0.75,0.055,f655f21e8021bb59d63f41674bdb2405547e7778507e9555260d6bda0241ea24
preview-noise,c,gradual,dwvp,fixed_lookahead,0.055,15,0.02,1.0,af7fd31b56d72c3dafbd245f8420f76f802f07cd295cf1a93e6526a641351e8e,,1.0,False,True,3600,120.0,,,0.0019256473415469961,0.006260890858557271,0.20772246826184057,2.3517003406952015,0.7706706600315552,0.02618477765841638,0.0,0.0,100.0,8.414458798066528,133.96419249487917,12.439468979599203,18.175664102292068,,False,0.08274344923512313,0.14861192740727186,1733,,0.0,6.308085367188389e-16,0.0,0.0,0.0,3.25,False,3601,2.3517003406952015,0.20772246826184057,2.3517003406952015,1.9052035633244992,0.006260890858557271,0.0019256473415469961,120.0,0.23107928356444019,0.001925660696370335,24.933183860735284,0.20777653217279404,0.0,0.0,90.1524528663454,8.414458798066528,133.96419249487917,1733,1733,1733,,,,,,,0.1524528663454036,1.8958744091240152,0.0015877750277443004,0.3819718634205488,-0.38038408839280446,0.14861192740727186,998,3600,25,3600,25,3600,0,0,0,0,0.055,0.055,0,0,0.0,0.0,0.0,0.0,1.3877787807814457e-16,0.0,0.0,0.0,1.3877787807814457e-16,0.0,0.0,0.0,1.1102230246251565e-16,0.0,0.0,0.0,timeout,1.0,1.0,1.0,0.75,0.055,516287ad5fea7a6b828ae2d1453591010ac5827ac7c53aef646089574daa550a
preview-noise,c,gradual,dwvp,fixed_lookahead,0.055,16,0.02,1.0,fdade586afad275cbf25b7905224bb117167ee8f11b61e4566f3e9739af8a730,,1.0,False,True,3600,120.0,,,0.001759327855307094,0.00746359138244596,0.18789290846248027,1.9809384616684003,0.8671365403711874,0.007403479552722481,0.0,0.0,100.0,8.56798723629481,137.32816263770283,12.429531989106808,17.82145189555987,,False,0.08206222949341219,0.13878746719252516,1692,,0.0,6.308085367188389e-16,0.0,0.0,0.0,3.25,False,3601,1.9809384616684003,0.18789290846248027,1.7673822732964086,1.9809384616684003,0.00746359138244596,0.001759327855307094,120.0,0.21114958499069064,0.001759579874922422,22.55328872112051,0.18794407267600424,0.0,0.0,90.24615207192642,8.56798723629481,137.32816263770283,1692,1692,1692,,,,,,,0.24615207192642277,1.9035692684205707,0.0014539333326337419,0.3819718634205488,-0.38051793008791507,0.13878746719252516,1016,3600,28,3600,28,3600,0,0,0,0,0.055,0.055,0,0,0.0,0.0,0.0,0.0,1.3877787807814457e-16,0.0,0.0,0.0,1.3877787807814457e-16,0.0,0.0,0.0,1.1102230246251565e-16,0.0,0.0,0.0,timeout,1.0,1.0,1.0,0.75,0.055,ac8299c157dbe86d534a41217c3721064a270b16cf2cd68b3ff343ff28914c6a
preview-noise,c,gradual,dwvp,fixed_lookahead,0.055,17,0.02,1.0,bafc0824074f2224a0f9c57dfc40e64cc8d653d8f8350ecc3b8bdc31027b2a5b,,1.0,False,True,3600,120.0,,,0.0019419996108591769,0.008633686112227415,0.17468444086951976,1.9797207895491038,0.8503574270886461,0.15333006800382404,0.0,0.0,100.0,8.334028507709736,139.80632794502594,12.44584181741871,17.90200537833025,,False,0.07663929772040741,0.13481802666577036,1701,,0.0,6.308085367188389e-16,0.0,0.0,0.0,3.25,False,3601,1.9797207895491038,0.17468444086951976,1.9797207895491038,1.7193046624649013,0.008633686112227415,0.0019419996108591769,120.0,0.2330827061982479,0.0019423558849853992,20.965400217904627,0.17471166848253855,0.0,0.0,90.23766919836616,8.334028507709736,139.80632794502594,1701,1701,1701,,,,,,,0.2376691983661621,1.7103518219111387,0.0006676638491388345,0.3819718634205488,-0.38130419957140993,0.13481802666577036,975,3600,28,3600,28,3600,0,0,0,0,0.055,0.055,0,0,0.0,0.0,0.0,0.0,1.3877787807814457e-16,0.0,0.0,0.0,2.7755575615628914e-17,0.0,0.0,0.0,1.1102230246251565e-16,0.0,0.0,0.0,timeout,1.0,1.0,1.0,0.75,0.055,ed1eb41c5c48927bdaf370d9324c6d50716f064c3a58157c734cdbbcbb2d59a4
preview-noise,c,gradual,dwvp,fixed_lookahead,0.055,18,0.02,1.0,604f1408c5e431cc8acb5db3fc63c6a99054c643158fb46c2a202623b98f675f,,1.0,False,True,3600,120.0,,,0.001752694062935578,0.008636327316451602,0.21996151600448913,2.6024106215691387,0.9046903098365432,0.10342543192482154,0.0,0.0,100.0,9.063068339335619,152.92512225063948,12.554265262243321,17.035354783041747,,False,0.08675954750083875,0.14761547138394748,1672,,0.0,6.308085367188389e-16,0.0,0.0,0.0,3.25,False,3601,2.6024106215691387,0.21996151600448913,2.6024106215691387,1.8761684022318228,0.008636327316451602,0.001752694062935578,120.0,0.21037119184545655,0.0017530932653788045,26.400990213873435,0.22000825178227862,0.0,0.0,90.35885349801868,9.063068339335619,152.92512225063948,1672,1672,1672,,,,,,,0.3588534980186787,1.8761684022318228,6.169894348973665e-05,0.3819718634205488,-0.38191016447705906,0.14761547138394748,985,3600,24,3600,24,3600,0,0,0,0,0.055,0.055,0,0,0.0,0.0,0.0,0.0,1.3877787807814457e-16,0.0,0.0,0.0,1.3877787807814457e-16,0.0,0.0,0.0,1.1102230246251565e-16,0.0,0.0,0.0,timeout,1.0,1.0,1.0,0.75,0.055,b89ab65624146ec409bbc546e9dcdc5fe5ec1dc9bde531e921e5ef739fc14181
preview-noise,c,gradual,dwvp,fixed_lookahead,0.055,19,0.02,1.0,a777f436e0fd1aff3228cba6feb546583a49ae3751013906a0ba12925446a0b2,,1.0,False,True,3600,120.0,,,0.0020081628136044568,0.0077351863830056955,0.23135883278856312,2.3941673653936912,0.7820138655611917,0.08728465526229569,0.0,0.0,100.0,8.511704628646289,143.2090133882004,12.556195204254603,18.05073001434457,,False,0.0881555306728832,0.16052614716966696,1679,,0.0,1.8503717077085943e-16,0.0,0.0,0.0,3.25,False,3601,2.3941673653936912,0.23135883278856312,2.3941673653936912,1.9785284633386366,0.0077351863830056955,0.0020081628136044568,120.0,0.24101983107789077,0.0020084985923157564,27.76931715146615,0.23141097626221793,0.0,0.0,90.28529638248689,8.511704628646289,143.2090133882004,1679,1679,1679,,,,,,,0.2852963824868981,1.9785284633386366,0.0013759476610695114,0.3819718634205488,-0.38059591575947926,0.16052614716966696,1028,3600,21,3600,21,3600,0,0,0,0,0.055,0.055,0,0,0.0,0.0,0.0,0.0,2.7755575615628914e-17,0.0,0.0,0.0,2.7755575615628914e-17,0.0,0.0,0.0,1.1102230246251565e-16,0.0,0.0,0.0,timeout,1.0,1.0,1.0,0.75,0.055,71c3ced6a124afced22c68cfe5eb39662c2e258e2aa1b6998ba770f8dd534f63
preview-noise,c,rapid,dwvp,fixed_lookahead,0.055,0,0.02,1.0,225b1f5c6296009cfdd42744cde820ffbca40a5ca61477883e5b3a5ec0f3ec14,,0.3,False,True,3600,120.0,,,0.0017245505078055284,0.008215939712757097,0.38435462598859,6.419988061403113,1.0674082752033953,0.09393190134308177,0.0,0.0,100.0,7.994147409555371,115.01487881779053,12.475819748492459,16.64914240961024,,False,0.06569660179281545,0.23615516440866935,1638,,0.0,6.308085367188389e-16,0.0,0.0,0.0,3.25,False,3601,6.419988061403113,0.38435462598859,6.419988061403113,6.016849865292817,0.008215939712757097,0.0017245505078055284,120.0,0.20695943619818685,0.0017246619683182237,46.133801407808036,0.384448345065067,0.0,0.0,90.25042444693366,7.994147409555371,115.01487881779053,1638,1638,1638,,,,,,,0.2504244469336628,5.945293681272192,9.682952206539058e-05,0.11459155902616464,-0.11449472950409925,0.23615516440866935,385,3600,270,3600,270,3600,0,0,0,0,0.055,0.055,0,0,0.0,0.0,0.0,0.0,1.3877787807814457e-16,0.0,0.0,0.0,1.3877787807814457e-16,0.0,0.0,0.0,1.1102230246251565e-16,0.0,0.0,0.0,timeout,1.0,1.0,1.0,0.75,0.055,129eaae6e64aad154a11c85466071171a1348d946e03b500abb19346a047131b
preview-noise,c,rapid,dwvp,fixed_lookahead,0.055,1,0.02,1.0,965364850f92fb3a21d86fcfa681d17bcfd57c0bacf5bcbbb58619eb77dab755,,0.3,False,True,3600,120.0,,,0.00176669307850234,0.008095243516584605,0.3557457075956665,5.996750743518224,1.0057341373231359,0.1887397855268453,0.0,0.0,100.0,7.971628960054548,135.6448783934865,12.451289254785241,16.937165588306698,,False,0.06795868302671079,0.2864891457555406,1616,,0.0,9.251858538542972e-16,0.0,0.0,0.0,3.25,False,3601,5.996750743518224,0.3557457075956665,5.942333383357167,5.996750743518224,0.008095243516584605,0.00176669307850234,120.0,0.21198343626542784,0.001766528635545232,42.698197438641046,0.35581831198867536,0.0,0.0,90.30299111172376,7.971628960054548,135.6448783934865,1616,1616,1616,,,,,,,0.3029911117237529,5.996750743518224,0.0017938588117216306,0.11459155902616464,-0.112797700214443,0.2864891457555406,400,3600,278,3600,278,3600,0,0,0,0,0.055,0.055,0,0,0.0,0.0,0.0,0.0,1.3877787807814457e-16,0.0,0.0,0.0,1.3877787807814457e-16,0.0,0.0,0.0,5.551115123125783e-16,0.0,0.0,0.0,timeout,1.0,1.0,1.0,0.75,0.055,cf606bfd955bed4369a9810409839b17417603d6531521aeeb22fc6e9dd61b3f
preview-noise,c,rapid,dwvp,fixed_lookahead,0.055,2,0.02,1.0,9dbc24338bcbb8661e6d68bd960daf5dc20490a3ab4cbb3f9ac2e11e09e3d4e6,,0.3,False,True,3600,120.0,,,0.0016079412703397797,0.005810219389826257,0.42533414749001053,7.075069269951701,1.1284096368674363,0.020073496842087632,0.0,0.0,100.0,8.529069976182106,138.42109249823613,12.504131828749255,16.98107374486085,,False,0.07078856785209456,0.2457067828174984,1617,,0.0,1.8503717077085943e-16,0.0,0.0,0.0,3.25,False,3601,7.075069269951701,0.42533414749001053,7.075069269951701,6.0294055829815205,0.005810219389826257,0.0016079412703397797,120.0,0.19296252492425742,0.0016080210410354785,51.053940945436885,0.4254495078786407,0.0,0.0,90.21442588377519,8.529069976182106,138.42109249823613,1617,1617,1617,,,,,,,0.21442588377518554,6.0294055829815205,0.0,0.11459155902616464,-0.11459155902616464,0.2457067828174984,464,3600,301,3600,301,3600,0,0,0,0,0.055,0.055,0,0,0.0,0.0,0.0,0.0,2.7755575615628914e-17,0.0,0.0,0.0,2.7755575615628914e-17,0.0,0.0,0.0,1.1102230246251565e-16,0.0,0.0,0.0,timeout,1.0,1.0,1.0,0.75,0.055,1b76cca23ad1ce0b6d56153e99d5380ce1f3bf9ac5217f7ecaedf82d92f9a449
preview-noise,c,rapid,dwvp,fixed_lookahead,0.055,3,0.02,1.0,1036ffab86825d2841111b6fbdb40c13d3de434dc11ec4f1d32bc89d5a880023,,0.3,False,True,3600,120.0,,,0.002110636208196002,0.00769135160773064,0.3742890056908508,6.524021085484682,1.1470440911884152,0.03851653617191075,0.0,0.0,100.0,8.27523610690501,135.79015372845873,12.545690972274578,16.27779013977737,,False,0.07282424552305908,0.30853581546207115,1569,,0.0,9.251858538542972e-16,0.0,0.0,0.0,3.25,False,3601,6.524021085484682,0.3742890056908508,6.524021085484682,6.053765733249256,0.00769135160773064,0.002110636208196002,120.0,0.253339675583984,0.0021111639631998668,44.92651504082225,0.37438762534018544,0.0,0.0,90.20959687003932,8.27523610690501,135.79015372845873,1569,1569,1569,,,,,,,0.2095968700393262,5.859670578115898,0.0,0.11459155902616464,-0.11459155902616464,0.30853581546207115,399,3600,256,3600,256,3600,0,0,0,0,0.055,0.055,0,0,0.0,0.0,0.0,0.0,1.3877787807814457e-16,0.0,0.0,0.0,2.7755575615628914e-17,0.0,0.0,0.0,5.551115123125783e-16,0.0,0.0,0.0,timeout,1.0,1.0,1.0,0.75,0.055,8d27124df4446bedff49a1ba67cacc3c792ddd1ef8b420afb386ef22d40c7878
preview-noise,c,rapid,dwvp,fixed_lookahead,0.055,4,0.02,1.0,c9584dd0b52b1ffceebda5c3cc4618a8cfc9f9bf2ab84bcac1e9f947babccfb5,,0.3,False,True,3600,120.0,,,0.002002884727481917,0.006181671149510454,0.43076510303841653,6.129474025460475,0.9812691224565879,0.06520925958405722,0.0,0.0,100.0,8.059772440857568,132.03061520789134,12.492004265505852,16.657221174909626,,False,0.09696100730859969,0.4088889581253187,1576,,0.0,9.251858538542972e-16,0.0,0.0,0.0,3.25,False,3601,6.129474025460475,0.43076510303841653,5.875720338945899,6.129474025460475,0.006181671149510454,0.002002884727481917,120.0,0.24039090229018772,0.0020032575190848975,51.70508438038486,0.43087570316987384,0.0,0.0,90.23787738707286,8.059772440857568,132.03061520789134,1576,1576,1576,,,,,,,0.23787738707285602,6.129474025460475,0.0,0.11459155902616464,-0.11459155902616464,0.4088889581253187,332,3600,214,3600,214,3600,0,0,0,0,0.055,0.055,0,0,0.0,0.0,0.0,0.0,1.3877787807814457e-16,0.0,0.0,0.0,1.3877787807814457e-16,0.0,0.0,0.0,5.551115123125783e-16,0.0,0.0,0.0,timeout,1.0,1.0,1.0,0.75,0.055,304a73797cbbb43fd010eb6088ee3769dedf1d9c7c247b37aefc691d43a2d28a
preview-noise,c,rapid,dwvp,fixed_lookahead,0.055,5,0.02,1.0,6583e24fbb66279767312b1f76c5e21f84a248e8f6c1a3af0733fed50e9b211d,,0.3,False,True,3600,120.0,,,0.0017811333810799626,0.0079331268215471,0.448285003216924,6.7161789094480255,1.0963563636768783,0.2504318817303495,0.0,0.0,100.0,8.521307884537572,126.06907566863578,12.541214784254885,17.36306189488487,,False,0.06633322318678868,0.28719100298664385,1611,,0.0,9.251858538542972e-16,0.0,0.0,0.0,3.25,False,3601,6.7161789094480255,0.448285003216924,6.7161789094480255,5.908259601804609,0.0079331268215471,0.0017811333810799626,120.0,0.21374527061243523,0.0017812105884369603,53.80496935477594,0.44837474462313287,0.0,0.0,90.25056404212106,8.521307884537572,126.06907566863578,1611,1611,1611,,,,,,,0.2505640421210534,5.887037890532313,0.0,0.11459155902616464,-0.11459155902616464,0.28719100298664385,412,3600,253,3600,253,3600,0,0,0,0,0.055,0.055,0,0,0.0,0.0,0.0,0.0,1.3877787807814457e-16,0.0,0.0,0.0,2.7755575615628914e-17,0.0,0.0,0.0,5.551115123125783e-16,0.0,0.0,0.0,timeout,1.0,1.0,1.0,0.75,0.055,1bc6bb636add01dd6f37fb617da739c2f7bf205d03dc733bdb3ef4117d6ddaf6
preview-noise,c,rapid,dwvp,fixed_lookahead,0.055,6,0.02,1.0,e1bc37a5081f802bf26631d131baf923bb0b24987d292849d622bfc2fbe3b759,,0.3,False,True,3600,120.0,,,0.002240186663717871,0.008761800776527882,0.39309304126706207,6.4425764749090915,1.0025726326564763,0.017135041331683063,0.0,0.0,100.0,8.55019436669736,159.55515979879448,12.523642252173042,16.982501674112733,,False,0.06644811938997405,0.3090602815270166,1651,,0.0,9.251858538542972e-16,0.0,0.0,0.0,3.25,False,3601,6.4425764749090915,0.39309304126706207,6.4425764749090915,6.000285411789127,0.008761800776527882,0.002240186663717871,120.0,0.26887748714763055,0.0022406457262302546,47.183982469400824,0.39319985391167356,0.0,0.0,90.25878564375657,8.55019436669736,159.55515979879448,1651,1651,1651,,,,,,,0.25878564375657137,5.914049360784204,0.0010728501401868805,0.11459155902616464,-0.11351870888597776,0.3090602815270166,396,3600,261,3600,261,3600,0,0,0,0,0.055,0.055,0,0,0.0,0.0,0.0,0.0,2.7755575615628914e-17,0.0,0.0,0.0,2.7755575615628914e-17,0.0,0.0,0.0,5.551115123125783e-16,0.0,0.0,0.0,timeout,1.0,1.0,1.0,0.75,0.055,b1451d023d2145ac80e17835c392234e726656497df5f734521229b129dfe74c
preview-noise,c,rapid,dwvp,fixed_lookahead,0.055,7,0.02,1.0,e9f6dd5327c23168c45f5f8b6396624f213d341c3ff6d82a5ccafd05c2130dd9,,0.3,False,True,3600,120.0,,,0.002066918842957899,0.008155459611211526,0.4001114017037295,6.301813078696168,1.0216135677344391,0.0795804223176774,0.0,0.0,100.0,8.153051752105297,122.90594869263728,12.55919726917105,16.87932969405312,,False,0.06147096990010235,0.25370916941952587,1663,,0.0,9.251858538542972e-16,0.0,0.0,0.0,3.25,False,3601,6.301813078696168,0.4001114017037295,6.111531764829892,6.301813078696168,0.008155459611211526,0.002066918842957899,120.0,0.2480985199455669,0.0020674876662130576,48.02537891079903,0.40021149092332525,0.0,0.0,90.25674129039503,8.153051752105297,122.90594869263728,1663,1663,1663,,,,,,,0.2567412903950218,6.00924237109464,0.0,0.11459155902616464,-0.11459155902616464,0.25370916941952587,383,3600,251,3600,251,3600,0,0,0,0,0.055,0.055,0,0,0.0,0.0,0.0,0.0,2.7755575615628914e-17,0.0,0.0,0.0,2.7755575615628914e-17,0.0,0.0,0.0,5.551115123125783e-16,0.0,0.0,0.0,timeout,1.0,1.0,1.0,0.75,0.055,20f9d2ef2ea56f33050c77b9470075821d22799ce4661f158b17d0908fd00ed0
preview-noise,c,rapid,dwvp,fixed_lookahead,0.055,8,0.02,1.0,d98cb571eccdf2e63209b4a49ce37817ba89be9a2ea2aa8edaf638dcca4a063c,,0.3,False,True,3600,120.0,,,0.0014294318807228149,0.0060789212847387735,0.36927106871842397,6.381148256597529,1.0912046587051154,0.05234770110762192,0.0,0.0,100.0,8.397029897176472,130.81121313182695,12.463505904829612,16.508780543751897,,False,0.07613512001510743,0.2791555946014461,1636,,0.0,9.251858538542972e-16,0.0,0.0,0.0,3.25,False,3601,6.381148256597529,0.36927106871842397,6.381148256597529,6.167803739680089,0.0060789212847387735,0.0014294318807228149,120.0,0.17156882338941382,0.001429740194911782,44.32396482014968,0.36936637350124735,0.0,0.0,90.30788207348043,8.397029897176472,130.81121313182695,1636,1636,1636,,,,,,,0.30788207348043395,6.167803739680089,0.0,0.11459155902616464,-0.11459155902616464,0.2791555946014461,376,3600,254,3600,254,3600,0,0,0,0,0.055,0.055,0,0,0.0,0.0,0.0,0.0,2.7755575615628914e-17,0.0,0.0,0.0,1.3877787807814457e-16,0.0,0.0,0.0,5.551115123125783e-16,0.0,0.0,0.0,timeout,1.0,1.0,1.0,0.75,0.055,a49750c863a3740e59c05cb42e130352101d70fc1a4360637f24334ca85739ba
preview-noise,c,rapid,dwvp,fixed_lookahead,0.055,9,0.02,1.0,4d7302c403b4358673434018f3ab742a0a1ec70a2aa19c3b2481713e1e1b2d6b,,0.3,False,True,3600,120.0,,,0.0017325954402132098,0.0072920749077971985,0.4122129846322021,6.3022978482205385,1.0721772591198633,0.13237253228461118,0.0,0.0,100.0,8.488750806313199,128.72297556424488,12.49300423199203,17.216987895091354,,False,0.07225242165032442,0.28397260311225336,1625,,0.0,9.251858538542972e-16,0.0,0.0,0.0,3.25,False,3601,6.3022978482205385,0.4122129846322021,6.3022978482205385,5.837229082236374,0.0072920749077971985,0.0017325954402132098,120.0,0.20793286236174258,0.0017327738530145214,49.47709237981391,0.41230910316511593,0.0,0.0,90.32578017301452,8.488750806313199,128.72297556424488,1625,1625,1625,,,,,,,0.3257801730145265,5.6396012735985455,0.0006323809079110043,0.11459155902616464,-0.11395917811825364,0.28397260311225336,387,3600,248,3600,248,3600,0,0,0,0,0.055,0.055,0,0,0.0,0.0,0.0,0.0,2.7755575615628914e-17,0.0,0.0,0.0,2.7755575615628914e-17,0.0,0.0,0.0,5.551115123125783e-16,0.0,0.0,0.0,timeout,1.0,1.0,1.0,0.75,0.055,eecaf90c5da8b8ea848b981b233ff7a0d281a66cfa6c6b6ce281e8e392d203d0
preview-noise,c,rapid,dwvp,fixed_lookahead,0.055,10,0.02,1.0,f1fe538952b3ea990fab8486f7adc4ee841277dc9652d1f10e101443751f7155,,0.3,False,True,3600,120.0,,,0.0018413484275457664,0.007612704512573899,0.3703083733064756,6.240000263508694,1.0828667081960954,0.01152668204674897,0.0,0.0,100.0,8.376727579221638,104.05389093703573,12.457473468919527,16.557762655058347,,False,0.06731810987296018,0.29389314969700847,1596,,0.0,9.251858538542972e-16,0.0,0.0,0.0,3.25,False,3601,6.240000263508694,0.3703083733064756,6.240000263508694,5.928593868832322,0.007612704512573899,0.0018413484275457664,120.0,0.22098982581504287,0.0018415818817920239,44.44915629785318,0.3704096358154432,0.0,0.0,90.18407462922268,8.376727579221638,104.05389093703573,1596,1596,1596,,,,,,,0.1840746292226856,5.77839808675726,0.0026626121632810935,0.11459155902616464,-0.11192894686288354,0.29389314969700847,340,3600,215,3600,215,3600,0,0,0,0,0.055,0.055,0,0,0.0,0.0,0.0,0.0,2.7755575615628914e-17,0.0,0.0,0.0,1.3877787807814457e-16,0.0,0.0,0.0,5.551115123125783e-16,0.0,0.0,0.0,timeout,1.0,1.0,1.0,0.75,0.055,b4f6a4a38514fbf83657119e5f54704436560a0910d8cdb40260e4a2a4fa207e
preview-noise,c,rapid,dwvp,fixed_lookahead,0.055,11,0.02,1.0,0f3d3f3b7850d8af0bb63c221ac8cd0b0f931dcdca86bfd9edde8afbec863000,,0.3,False,True,3600,120.0,,,0.0016315492508352412,0.005524041653411577,0.46270817182476565,7.527715484628458,1.0213085153340902,0.11736902267892876,0.0,0.0,100.0,8.35610387559633,131.33278037930705,12.559535688461457,16.781361521080647,,False,0.07237000726658255,0.34750764043888593,1660,,0.0,9.251858538542972e-16,0.0,0.0,0.0,3.25,False,3601,7.527715484628458,0.46270817182476565,7.527715484628458,6.343699147798425,0.005524041653411577,0.0016315492508352412,120.0,0.19583656328352142,0.0016319713606960118,55.53844807432138,0.4628204006193448,0.0,0.0,90.24649299868598,8.35610387559633,131.33278037930705,1660,1660,1660,,,,,,,0.24649299868598334,6.343699147798425,0.0,0.11459155902616464,-0.11459155902616464,0.34750764043888593,366,3600,230,3600,230,3600,0,0,0,0,0.055,0.055,0,0,0.0,0.0,0.0,0.0,2.7755575615628914e-17,0.0,0.0,0.0,2.7755575615628914e-17,0.0,0.0,0.0,5.551115123125783e-16,0.0,0.0,0.0,timeout,1.0,1.0,1.0,0.75,0.055,f4740f697b4d627a19e086ee6589846bf53a61cc42de40d25777ed6a99944f24
preview-noise,c,rapid,dwvp,fixed_lookahead,0.055,12,0.02,1.0,d9c97b46786e43e994e2ad6bc0724ca64c2072040a06c07d197bde1185a58edb,,0.3,False,True,3600,120.0,,,0.0016969566225512676,0.0072471453118416705,0.34839693060021,6.5089936885081725,1.0107212530219705,0.12088667964113711,0.0,0.0,100.0,8.815228161567003,126.2034436930532,12.472764008854218,16.825014651346997,,False,0.09933183473790569,0.3122153642365447,1616,,0.0,9.251858538542972e-16,0.0,0.0,0.0,3.25,False,3601,6.5089936885081725,0.34839693060021,6.5089936885081725,6.226618830639442,0.0072471453118416705,0.0016969566225512676,120.0,0.20365335788560682,0.0016971113157133902,41.81723012505118,0.3484769177087598,0.0,0.0,90.23288532966741,8.815228161567003,126.2034436930532,1616,1616,1616,,,,,,,0.23288532966741274,6.226618830639442,0.0,0.11459155902616464,-0.11459155902616464,0.3122153642365447,360,3600,250,3600,250,3600,0,0,0,0,0.055,0.055,0,0,0.0,0.0,0.0,0.0,2.7755575615628914e-17,0.0,0.0,0.0,1.3877787807814457e-16,0.0,0.0,0.0,5.551115123125783e-16,0.0,0.0,0.0,timeout,1.0,1.0,1.0,0.75,0.055,4b6a52b6417120a098a38db2543398094aa92c53301ad18369c2ef0b3dda68a3
preview-noise,c,rapid,dwvp,fixed_lookahead,0.055,13,0.02,1.0,e53f726e0e4624ff3c1bb8f4a372492064d79eab1394422ea82aa10253b1c01e,,0.3,False,True,3600,120.0,,,0.0021063413625766947,0.008784178751975598,0.3921621270501575,6.687879046926516,1.0730118452895074,0.01145149004303274,0.0,0.0,100.0,8.520426223821655,127.5640788991283,12.549957495916823,17.010338509303605,,False,0.06641864042842852,0.2252677659763204,1638,,0.0,1.8503717077085943e-16,0.0,0.0,0.0,3.25,False,3599,6.687879046926516,0.3923779421541188,6.687879046926516,6.5333939029362,0.008784178751975598,0.0021073760325871545,119.9,0.2527834178673093,0.002108285386716508,47.072058076627904,0.39259431256570393,0.0,0.0,90.26996715369313,8.522795641570216,127.5640788991283,1638,1638,1638,,,,,,,0.26996715369313506,6.491769020549412,0.0,0.11459155902616464,-0.11459155902616464,0.2252677659763204,425,3600,287,3600,287,3600,0,0,0,0,0.055,0.055,0,0,0.0,0.0,0.0,0.0,2.7755575615628914e-17,0.0,0.0,0.0,2.7755575615628914e-17,0.0,0.0,0.0,1.1102230246251565e-16,0.0,0.0,0.0,timeout,1.0,1.0,1.0,0.75,0.055,fd15a829233086d58a377a9537afee6fdfa13b86a84163f4c983c822195d53c2
preview-noise,c,rapid,dwvp,fixed_lookahead,0.055,14,0.02,1.0,43e398782c49157c90f965d6f8801ab65691f5bf9d14d6f29f70a2aea0801e0b,,0.3,False,True,3600,120.0,,,0.0019216894222053144,0.008609426946239751,0.39010978351310527,6.732603524879714,1.1021013607283485,0.054509143439900855,0.0,0.0,100.0,8.435611488847186,123.96996247599363,12.44713859538635,17.141837446344354,,False,0.06269204717577492,0.22457683872217965,1615,,0.0,6.308085367188389e-16,0.0,0.0,0.0,3.25,False,3601,6.732603524879714,0.39010978351310527,6.732603524879714,6.119813603989649,0.008609426946239751,0.0019216894222053144,120.0,0.23065173133661862,0.0019220977611384886,46.82526919529907,0.39021057662749226,0.0,0.0,90.35260173361922,8.435611488847186,123.96996247599363,1615,1615,1615,,,,,,,0.3526017336192452,6.119813603989649,0.0008164229236809936,0.11459155902616464,-0.11377513610248365,0.22457683872217965,427,3600,289,3600,289,3600,0,0,0,0,0.055,0.055,0,0,0.0,0.0,0.0,0.0,2.7755575615628914e-17,0.0,0.0,0.0,1.3877787807814457e-16,0.0,0.0,0.0,1.1102230246251565e-16,0.0,0.0,0.0,timeout,1.0,1.0,1.0,0.75,0.055,46ddbf62f117c50d6c8a01a60f4a46e48d05ea6fdf64af11198109d2aacbb5d8
preview-noise,c,rapid,dwvp,fixed_lookahead,0.055,15,0.02,1.0,5cb6c1b63050e1eed7d83a8a5a5c83d0da273643a83ad2688a821a45199e942c,,0.3,False,True,3600,120.0,,,0.0018158198637521854,0.005878601522685164,0.4786077079617109,7.091585725532332,1.0148848558826853,0.024574710166990314,0.0,0.0,100.0,8.203320635708605,133.96485232735893,12.335203335175335,17.53305259364729,,False,0.06701881135811302,0.23608696803245752,1651,,0.0,6.308085367188389e-16,0.0,0.0,0.0,3.25,False,3601,7.091585725532332,0.4786077079617109,7.091585725532332,6.532053674258307,0.005878601522685164,0.0018158198637521854,120.0,0.21789584272239373,0.001815798689353281,57.448468967167905,0.4787372413930659,0.0,0.0,90.15072352868958,8.203320635708605,133.96485232735893,1651,1651,1651,,,,,,,0.15072352868955902,6.42891924504307,0.0004868368746940325,0.11459155902616464,-0.1141047221514706,0.23608696803245752,451,3600,312,3600,312,3600,0,0,0,0,0.055,0.055,0,0,0.0,0.0,0.0,0.0,1.3877787807814457e-16,0.0,0.0,0.0,2.7755575615628914e-17,0.0,0.0,0.0,1.1102230246251565e-16,0.0,0.0,0.0,timeout,1.0,1.0,1.0,0.75,0.055,d79de435a93acc37d4265c40e31a17554fee21e417f5b4026a1e1cb9d116b4bc
preview-noise,c,rapid,dwvp,fixed_lookahead,0.055,16,0.02,1.0,a0059bbccd0bbf59bb81c45e05f4992f0b182bcad40d79c4688a72a33abe8ea8,,0.3,False,True,3600,120.0,,,0.001748951810449071,0.0066662347492612226,0.40391793653418506,6.001765788634579,1.0740519171501595,0.007407587235124258,0.0,0.0,100.0,8.41510475384097,137.32816263770283,12.39543040108732,16.791071505737058,,False,0.06363036136790798,0.26951676202319774,1602,,0.0,1.8503717077085943e-16,0.0,0.0,0.0,3.25,False,3601,6.001765788634579,0.40391793653418506,5.792051328372795,6.001765788634579,0.0066662347492612226,0.001748951810449071,120.0,0.20990411386138375,0.0017492009488448645,48.48349285553275,0.4040291071294396,0.0,0.0,90.27760350761439,8.41510475384097,137.32816263770283,1602,1602,1602,,,,,,,0.27760350761436,5.96685563953351,0.0,0.11459155902616464,-0.11459155902616464,0.26951676202319774,411,3600,276,3600,276,3600,0,0,0,0,0.055,0.055,0,0,0.0,0.0,0.0,0.0,2.7755575615628914e-17,0.0,0.0,0.0,2.7755575615628914e-17,0.0,0.0,0.0,1.1102230246251565e-16,0.0,0.0,0.0,timeout,1.0,1.0,1.0,0.75,0.055,4166945fc89569c50c242ecdd11eab70cca7e8857d77b55a92fb33e2d29f783e
preview-noise,c,rapid,dwvp,fixed_lookahead,0.055,17,0.02,1.0,3b0a10c5e5f00ab451df94b821fe9085b835088298b6386dc0b1a05a40d47e40,,0.3,False,True,3600,120.0,,,0.0016828991269361474,0.006660973031805441,0.37892435798694785,6.698501663314034,1.03549559327487,0.15332893620875854,0.0,0.0,100.0,8.124338398632887,139.8063340665066,12.405102779050846,16.876433577567678,,False,0.07724619033368994,0.31939309214769046,1600,,0.0,9.251858538542972e-16,0.0,0.0,0.0,3.25,False,3601,6.698501663314034,0.37892435798694785,6.698501663314034,5.931737040400765,0.006660973031805441,0.0016828991269361474,120.0,0.20198201143497257,0.0016831834286247715,45.48099828809648,0.3790083190674707,0.0,0.0,90.31494431942167,8.124338398632887,139.8063340665066,1600,1600,1600,,,,,,,0.3149443194216443,5.931737040400765,4.718324509348816e-05,0.11459155902616464,-0.11454437578107114,0.31939309214769046,337,3600,212,3600,212,3600,0,0,0,0,0.055,0.055,0,0,0.0,0.0,0.0,0.0,1.3877787807814457e-16,0.0,0.0,0.0,1.3877787807814457e-16,0.0,0.0,0.0,5.551115123125783e-16,0.0,0.0,0.0,timeout,1.0,1.0,1.0,0.75,0.055,fc62fd2698a7b24631be8d50ae4708fd57a4cab355d48018d10ae76e7bae990f
preview-noise,c,rapid,dwvp,fixed_lookahead,0.055,18,0.02,1.0,6d0ab900698edc0cff3f21dbf05693f714e6e83a3b11afad167a97924c1e7d98,,0.3,False,True,3600,120.0,,,0.0016728178661799846,0.009351512906782848,0.49302318357954683,7.285177847585042,1.1791164986157312,0.10327175962141778,0.0,0.0,100.0,8.815688174701501,153.09542362099137,12.552463042834686,16.482162300845008,,False,0.06368819255670928,0.28035576876275947,1590,,0.0,9.251858538542972e-16,0.0,0.0,0.0,3.25,False,3601,7.285177847585042,0.49302318357954683,7.285177847585042,6.2056900096211285,0.009351512906782848,0.0016728178661799846,120.0,0.20078318238647674,0.001673193186553973,59.17749493967124,0.49314579116392704,0.0,0.0,90.36350573081475,8.815688174701501,153.09542362099137,1590,1590,1590,,,,,,,0.3635057308147454,6.083808795931312,0.0010084915403194756,0.11459155902616464,-0.11358306748584517,0.28035576876275947,431,3600,281,3600,281,3600,0,0,0,0,0.055,0.055,0,0,0.0,0.0,0.0,0.0,2.7755575615628914e-17,0.0,0.0,0.0,2.7755575615628914e-17,0.0,0.0,0.0,5.551115123125783e-16,0.0,0.0,0.0,timeout,1.0,1.0,1.0,0.75,0.055,e505bff69a65845433918e9de225e034edb799df6e1a4b9f564b35db38f842bb
preview-noise,c,rapid,dwvp,fixed_lookahead,0.055,19,0.02,1.0,debf9ed015e4b2071187e02f25c5ee3477760e30a5d6a19a75f88bd4960f7cf1,,0.3,False,True,3600,120.0,,,0.0019144328936033155,0.00787416146819961,0.4898222077812601,7.411215916019154,1.0528005313870552,0.08728428273161007,0.0,0.0,100.0,8.62417068402116,143.2090133882004,12.456731599432377,17.459246978134026,,False,0.06076827469708031,0.21906471202059247,1623,,0.0,1.8503717077085943e-16,0.0,0.0,0.0,3.25,False,3601,7.411215916019154,0.4898222077812601,7.411215916019154,5.72939252878308,0.00787416146819961,0.0019144328936033155,120.0,0.2297691163631828,0.0019147426363598568,58.793537602631716,0.48994614668859765,0.0,0.0,90.28497085434618,8.62417068402116,143.2090133882004,1623,1623,1623,,,,,,,0.2849708543462133,5.674090653892418,0.0,0.11459155902616464,-0.11459155902616464,0.21906471202059247,467,3600,305,3600,305,3600,0,0,0,0,0.055,0.055,0,0,0.0,0.0,0.0,0.0,2.7755575615628914e-17,0.0,0.0,0.0,2.7755575615628914e-17,0.0,0.0,0.0,1.1102230246251565e-16,0.0,0.0,0.0,timeout,1.0,1.0,1.0,0.75,0.055,2d1e25802179ce4fd5b799617ed9213dfc296bbb7b99f2246807dbd25a270618
