reference,scenario,noise_xy_m,noise_yaw_deg,estimate_lookahead_m,minimum_fixed_lookahead_m,travel_time_s_mean,zero_noise_travel_time_s_mean,success_count,n
nominal_preview,offset,0.0,0.0,0.0,0.055,26.866666666666667,25.266666666666662,20,20
nominal_preview,gradual,0.0,0.0,0.0,0.055,23.0,22.766666666666662,20,20
nominal_preview,rapid,0.0,0.0,0.0,0.055,24.899999999999995,24.033333333333324,20,20
nominal_preview,offset,0.002,0.1,0.060000000000000005,0.08,26.806666666666665,25.266666666666662,20,20
nominal_preview,gradual,0.002,0.1,0.060000000000000005,0.055,24.53833333333333,22.766666666666662,20,20
nominal_preview,rapid,0.002,0.1,0.060000000000000005,0.08,24.875,24.033333333333324,20,20
nominal_preview,offset,0.005,0.2,0.15000000000000002,0.165,26.005000000000003,25.266666666666662,20,20
nominal_preview,gradual,0.005,0.2,0.15000000000000002,0.165,23.583333333333332,22.766666666666662,20,20
nominal_preview,rapid,0.005,0.2,0.15000000000000002,0.165,24.803333333333335,24.033333333333324,20,20
nominal_preview,offset,0.01,0.5,0.30000000000000004,0.33,25.734999999999996,25.266666666666662,20,20
nominal_preview,gradual,0.01,0.5,0.30000000000000004,0.33,23.988333333333337,22.766666666666662,20,20
nominal_preview,rapid,0.01,0.5,0.30000000000000004,0.33,24.711666666666666,24.033333333333324,20,20
nominal_preview,offset,0.02,1.0,0.6000000000000001,0.6,26.861666666666668,25.266666666666662,20,20
nominal_preview,gradual,0.02,1.0,0.6000000000000001,,,,,
nominal_preview,rapid,0.02,1.0,0.6000000000000001,0.6,26.205000000000002,24.033333333333324,20,20
same_fixed_lookahead,offset,0.0,0.0,0.0,0.055,26.866666666666667,26.866666666666667,20,20
same_fixed_lookahead,gradual,0.0,0.0,0.0,0.055,23.0,23.0,20,20
same_fixed_lookahead,rapid,0.0,0.0,0.0,0.055,24.899999999999995,24.899999999999995,20,20
same_fixed_lookahead,offset,0.002,0.1,0.060000000000000005,0.055,28.15,26.866666666666667,20,20
same_fixed_lookahead,gradual,0.002,0.1,0.060000000000000005,0.055,24.53833333333333,23.0,20,20
same_fixed_lookahead,rapid,0.002,0.1,0.060000000000000005,0.055,26.445,24.899999999999995,20,20
same_fixed_lookahead,offset,0.005,0.2,0.15000000000000002,0.165,26.005000000000003,25.266666666666662,20,20
same_fixed_lookahead,gradual,0.005,0.2,0.15000000000000002,0.165,23.583333333333332,22.766666666666662,20,20
same_fixed_lookahead,rapid,0.005,0.2,0.15000000000000002,0.165,24.803333333333335,23.866666666666667,20,20
same_fixed_lookahead,offset,0.01,0.5,0.30000000000000004,0.33,25.734999999999996,24.5,20,20
same_fixed_lookahead,gradual,0.01,0.5,0.30000000000000004,0.33,23.988333333333337,22.699999999999996,20,20
same_fixed_lookahead,rapid,0.01,0.5,0.30000000000000004,0.33,24.711666666666666,23.100000000000005,20,20
same_fixed_lookahead,offset,0.02,1.0,0.6000000000000001,,,,,
same_fixed_lookahead,gradual,0.02,1.0,0.6000000000000001,,,,,
same_fixed_lookahead,rapid,0.02,1.0,0.6000000000000001,,,,,
