path,method,label,seed,trial_id,success,timeout,steps,duration_s,first_goal_time_s,travel_time_s,mean_position_error_m,max_position_error_m,mean_heading_error_deg,max_heading_error_deg,final_position_error_m,final_heading_error_deg,velocity_violation_pct,acceleration_violation_pct,unconstrained_demand_violation_pct,mean_direction_distortion_deg,max_direction_distortion_deg,jerk_xy_rms_m_s3,jerk_yaw_rms_rad_s3,min_clearance_m,collision,max_translation_speed_m_s,max_abs_yaw_rate_rad_s,projection_steps,mean_near_obstacle_speed_m_s,max_normalized_velocity_excess,max_normalized_acceleration_excess,constraint_violation_duration_s,max_speed_cap_excess_m_s,speed_cap_excess_duration_s
iros_docking,vp,"VP (adaptive, clipping)",0,85394f97b9383972e63a60850fb127adb056e8c8313ea32be65f1cc4b4d33f90,True,False,403,13.433333333333334,13.133333333333333,13.433333333333334,0.021217799659310865,0.13402729563337556,17.219910816343877,71.09239276068283,0.01739440222476084,0.5544966625427025,0.0,0.0,99.75186104218362,8.973059394116568,69.5163664628127,0.9167077668747637,2.136477761493806,,False,0.31091856479686314,0.6,0,,0.0,1.5139404881252135e-15,0.0,0.0,0.0
iros_docking,vp_min,"VP (fixed 0.11 m, clipping)",0,fd72a7d36f67a589f2d0df369f1556e74dbde51b56cad06e6473d98237cc2ae1,True,False,433,14.433333333333334,14.133333333333333,14.433333333333334,0.005988522229551849,0.023323558346753037,18.097789256547927,85.98929543408423,0.016657676591141937,0.5550793708892884,0.0,0.0,99.76905311778292,12.330393694440486,77.27836885102802,1.0953997093229673,2.5391022551419216,,False,0.3102446722180757,0.6,0,,0.0,1.5139404881252135e-15,0.0,0.0,0.0
iros_docking,vp_max,"VP (fixed 0.33 m, clipping)",0,f342637e2a8bb34deb881f4fb79e56610ebe6a57f08588ee393960be170bf450,True,False,358,11.933333333333334,11.766666666666666,11.933333333333334,0.022995982466069476,0.13402729563337556,31.92886530023259,97.43071395363185,0.017334482261425862,0.7047051006564754,0.0,0.0,99.72067039106145,18.553200433094137,90.75024643399908,0.8826308961253954,3.011274267759705,,False,0.31091856479686314,0.6,0,,0.0,1.5139404881252135e-15,0.0,1.3877787807814457e-17,0.0
iros_docking,dwvp,DWVP (adaptive),0,b2988a75440105463150a5adf6b8a7b09d16cce91dc9540b2ed417379903d043,True,False,515,17.166666666666668,16.866666666666667,17.166666666666668,0.00639564821806866,0.05386729319380845,17.03320264315122,90.51731780181379,0.016714671007897117,0.5173178018137844,0.0,0.0,99.80582524271846,3.703815676953524,75.7710108926957,2.767969725686826,7.267987312548924,,False,0.24006944886134068,0.6,53,,0.0,9.251858538542972e-16,0.0,0.0,0.0
iros_curve,vp,"VP (adaptive, clipping)",0,1ee7c1c86428a5df20c401321a366ca14c65b07f4d18b2f500ec8a3d6227f342,True,False,660,22.0,21.833333333333332,22.0,0.025518519597956965,0.1259458413746069,30.07314612655557,104.83465057814587,0.017130337428266456,0.7429008105435685,0.0,0.0,99.84848484848486,17.129259697321846,82.20941303887678,2.721961160788129,5.995476018723361,,False,0.31097883316176816,0.6,0,,0.0,1.5139404881252135e-15,0.0,6.938893903907228e-18,0.0
iros_curve,vp_min,"VP (fixed 0.11 m, clipping)",0,f4fd001eb1b8cbeb3e4a2b8f2ee86c284335426ae6961a733ea565e6108bd387,True,False,754,25.133333333333333,24.966666666666665,25.133333333333333,0.0066417833550430445,0.03961041030808944,25.40672011661633,94.19605831790115,0.017117102961433588,0.740733520943181,0.0,0.0,99.86737400530504,23.802775660471305,82.16474287770079,1.0200197977218997,8.280916322209452,,False,0.31054568756681705,0.6,0,,0.0,1.5139404881252135e-15,0.0,6.938893903907228e-18,0.0
iros_curve,vp_max,"VP (fixed 0.33 m, clipping)",0,bef1491cc8c42282467fcb7cba94f6f4690373de5af94b10f4e76b545f468af5,True,False,618,20.6,20.433333333333334,20.6,0.02828646497087861,0.13826954679370917,35.303906262456564,107.06667454440073,0.017473446377207245,0.00011418009042859671,0.0,0.0,99.83818770226537,14.01112497458407,62.010224389992786,1.0576099268916754,3.6927535063068477,,False,0.3110834294188269,0.6,0,,0.0,1.5139404881252135e-15,0.0,1.3877787807814457e-17,0.0
iros_curve,dwvp,DWVP (adaptive),0,160af5da1aef5a1200c93896cd082b81d58aa1a020ea9119c4125f81dd347f3e,True,False,910,30.333333333333332,30.03333333333333,30.333333333333332,0.020088341696591114,0.07944566040081291,17.369657647913954,67.53646641292156,0.01735794388817442,0.3623156144115349,0.0,0.0,99.78021978021978,1.5846958871913066,44.97718939807904,5.336931877059415,10.776566790290591,,False,0.24899253017509226,0.6,123,,0.0,9.251858538542972e-16,0.0,0.0,0.0
constant_heading_corner,vp,"VP (adaptive, clipping)",0,2d3476c8488c37970ee40c6b7863c953545ac26e78327c1f750510393d73445f,True,False,394,13.133333333333333,12.966666666666667,13.133333333333333,0.012951579653984394,0.127388795041538,0.0,0.0,0.017158005529411824,0.0,0.0,0.0,99.74619289340102,2.072543290850752,19.9041281562489,0.8112654465838396,0.0,,False,0.25665330114481183,0.0,0,,0.0,1.5139404881252135e-15,0.0,0.0,0.0
constant_heading_corner,vp_min,"VP (fixed 0.11 m, clipping)",0,9c34604bc0ccc78421e0203a5863d65218744a1511dc9aa230eb23ed77cf88d4,True,False,424,14.133333333333333,13.966666666666667,14.133333333333333,0.0024737690286594518,0.03399999999999914,0.0,0.0,0.01720512447941469,0.0,0.0,0.0,99.76415094339622,3.091846657245716,44.757888279456544,0.9047114059624375,0.0,,False,0.22968674319603208,0.0,0,,0.0,1.5139404881252135e-15,0.0,0.0,0.0
constant_heading_corner,vp_max,"VP (fixed 0.33 m, clipping)",0,9fec36c3b352a4e63aac680af4a86b98804bf415861e9f54ad948f1b1ba8c216,True,False,394,13.133333333333333,12.966666666666667,13.133333333333333,0.013483846458841582,0.127388795041538,0.0,0.0,0.017144769406850835,0.0,0.0,0.0,99.74619289340102,2.1827818001100034,19.9041281562489,0.8111166581538779,0.0,,False,0.25665330114481183,0.0,0,,0.0,1.5139404881252135e-15,0.0,0.0,0.0
constant_heading_corner,dwvp,DWVP (adaptive),0,389b6015efbedcbc064873a217e9527e298ba981f820829ee6d1f7b92f42272b,True,False,406,13.533333333333333,13.366666666666667,13.533333333333333,0.016621902715228638,0.12091831428536448,0.0,0.0,0.017419504885412985,0.0,0.0,0.0,99.75369458128078,0.26603812791403364,18.0379869306816,2.782209685525086,0.0,,False,0.23834042677044504,0.0,21,,0.0,1.261617073437678e-16,0.0,0.0,0.0
independent_heading_curve,vp,"VP (adaptive, clipping)",0,a0d3cff872054ead7f981fcf443b4216c39ee04b727092da5a8dceb35c74f06f,True,False,703,23.433333333333334,23.266666666666666,23.433333333333334,0.03185118457166889,0.10172741934801466,1.4476512724099846,8.354420698027772,0.0167257443324994,1.4099612636202364e-07,0.0,0.0,99.85775248933145,14.858539055920609,95.54896794358457,1.7988139365025455,2.217374271168319,,False,0.28394276703408294,0.2701107735834142,0,,0.0,1.5139404881252135e-15,0.0,6.938893903907228e-18,0.0
independent_heading_curve,vp_min,"VP (fixed 0.11 m, clipping)",0,c5071ee8e9862bd0250e53899564a82dcf77661e126a020a0e5ed85416e2f242,True,False,792,26.4,26.233333333333334,26.4,0.01622477071494762,0.06900230847277898,0.6010770930375459,1.7934971070421797,0.01702965583785127,1.585102959931579e-07,0.0,0.0,99.87373737373737,13.482548354800223,115.45295051975076,0.9935380982504965,4.91638898954048,,False,0.3056345047372816,0.18787159555030064,0,,0.0,1.5139404881252135e-15,0.0,6.938893903907228e-18,0.0
independent_heading_curve,vp_max,"VP (fixed 0.33 m, clipping)",0,8c40b97ce0e02a47e3a0435594e24680756296a2da0dd74c6ee0f5cef031549e,True,False,709,23.633333333333333,23.466666666666665,23.633333333333333,0.042640093574744936,0.11011186726098894,1.7293496106026816,11.691712138573472,0.016852174672769893,4.077170857274298e-08,0.0,0.0,99.8589562764457,13.952997916901493,101.52140632213604,0.887293545090284,2.2308624310784864,,False,0.28283359178863166,0.2699268547343477,0,,0.0,1.5139404881252135e-15,0.0,0.0,0.0
independent_heading_curve,dwvp,DWVP (adaptive),0,bc2f5663d06a6e69d461207a20d8771755b695ab91393ed68f1103d8161b4415,True,False,784,26.133333333333333,25.966666666666665,26.133333333333333,0.02113494165593897,0.07694395546283858,0.7713231683933562,3.5733032212808213,0.01677478498719199,0.11531073403881274,0.0,0.0,99.87244897959184,5.602606123064017,95.56531534589465,4.735881395325191,8.37007171459908,,False,0.28065773310915393,0.13500211798183837,83,,0.0,1.5139404881252135e-15,0.0,0.0,0.0
