study,trial_id,controller_mean_us,controller_p95_us,controller_max_us
mechanism,85394f97b9383972e63a60850fb127adb056e8c8313ea32be65f1cc4b4d33f90,56.09461290322581,82.59449999999997,189.415
mechanism,fd72a7d36f67a589f2d0df369f1556e74dbde51b56cad06e6473d98237cc2ae1,48.84118937644342,64.98599999999999,142.981
mechanism,f342637e2a8bb34deb881f4fb79e56610ebe6a57f08588ee393960be170bf450,48.64280726256983,66.76384999999996,234.125
mechanism,b2988a75440105463150a5adf6b8a7b09d16cce91dc9540b2ed417379903d043,64.48519611650487,100.5459999999999,247.331
mechanism,1ee7c1c86428a5df20c401321a366ca14c65b07f4d18b2f500ec8a3d6227f342,61.57539242424243,80.96159999999999,192.474
mechanism,f4fd001eb1b8cbeb3e4a2b8f2ee86c284335426ae6961a733ea565e6108bd387,59.12292175066314,82.8168,217.043
mechanism,bef1491cc8c42282467fcb7cba94f6f4690373de5af94b10f4e76b545f468af5,57.09919093851132,84.23709999999996,276.213
mechanism,160af5da1aef5a1200c93896cd082b81d58aa1a020ea9119c4125f81dd347f3e,73.75015934065935,115.26654999999991,289.315
mechanism,2d3476c8488c37970ee40c6b7863c953545ac26e78327c1f750510393d73445f,52.08921827411168,69.5758,174.658
mechanism,9c34604bc0ccc78421e0203a5863d65218744a1511dc9aa230eb23ed77cf88d4,50.52682783018868,67.30529999999999,179.569
mechanism,9fec36c3b352a4e63aac680af4a86b98804bf415861e9f54ad948f1b1ba8c216,49.17020558375635,66.7426,157.478
mechanism,389b6015efbedcbc064873a217e9527e298ba981f820829ee6d1f7b92f42272b,63.22177093596059,100.2255,201.719
mechanism,a0d3cff872054ead7f981fcf443b4216c39ee04b727092da5a8dceb35c74f06f,61.91130867709814,81.85339999999998,194.125
mechanism,c5071ee8e9862bd0250e53899564a82dcf77661e126a020a0e5ed85416e2f242,58.66563762626262,76.29449999999997,239.229
mechanism,8c40b97ce0e02a47e3a0435594e24680756296a2da0dd74c6ee0f5cef031549e,58.33729478138222,73.17560000000002,552.905
mechanism,bc2f5663d06a6e69d461207a20d8771755b695ab91393ed68f1103d8161b4415,75.02297193877551,116.28974999999998,256.636
obstacles,d47bc9dc733cbddb9722532521caf52b79e032685fed883648db7b6f45ed6a8d,55.512694214876035,78.47009999999999,241.473
obstacles,776e432bb3131f78864705c0d11d261df2fcf8854b6d9ad318f0e09280b556c5,65.40387456445993,96.89819999999999,279.164
obstacles,7068f6198af56e195a7c18fc4f068114f4d149f3ebb740325a2b887e44e09284,55.82770588235294,76.33729999999998,441.732
obstacles,ca8f6dabb33051f3239511156c24cc9f4d7030e8c6caa55a12d01f509f788157,68.38548402948403,116.1175,437.988
obstacles,47f4605f85a42a9f1444d08b37674a44dfd18221f2cf176ff30ac918e5c68e89,57.42340609137056,80.26684999999999,245.502
obstacles,ea1c26f46ce875197e0cc4a3b265bcb17e50d71968015e531fa4530e9291b5aa,64.47836945812807,94.12025,213.393
obstacles,78bea2de2f3d1a02ee0ae80fb8669b7f5120b54241d94c0ff142489d50c941c5,57.12652415026833,74.81330000000001,209.07
obstacles,0b2ad375e283b1c4b3a99934336d2441cc9eb335bf0f8ca8441c95255d0e00b6,67.55821099290782,103.78930000000008,487.768
sweeps,ec0e6df5c053f083551673194df37e6f9d6228da9f36e97a3b73cd0acce3ab51,52.979140877598155,67.50339999999998,239.392
sweeps,e5d7792191a0289116d440cf579bdd5ac3aa6ad54876f2129c0b5c370fc9c584,66.93043286573146,111.99819999999998,233.759
sweeps,47acad0d26f8e31617a6607e21b14be824cf8ed3585509b49e25ac10ebec572b,61.4469350132626,80.3615,186.225
sweeps,566c8ea520be23d3f1fe2daa7a5c5dd1826fa0c988eebc77919e7714dc1d0cd8,74.87298144329897,117.5805,359.944
sweeps,0a37dbf9d45baa41fa6eb3afef573872f4106a9407e3a7cc7ed2d6da8f16537b,52.00705188679245,65.39319999999998,165.886
sweeps,486ff09b91d6aa00692e1cc5b1ee7efd93b7f4aa9257c9ab0e578dd899f47ad6,65.29023113207548,99.45719999999999,243.799
sweeps,5ba1dfa8e8b31de75aff1fcba900df993bd04892948f81f2658e0b0ccec60b09,63.93221126760564,89.813,313.122
sweeps,a24414f52d37c9be6c5eaccb5d05e228628d96e88416473e4823151b56bd8e5f,72.54975486381323,110.0335,265.741
sweeps,ac31d085d741c65c5bc468053fdbfff3dc6b02531b2fd148648da5349d1b65c8,54.14214858490566,72.6943,362.771
sweeps,de79f66d5fd2112dc3169864efbaa365846f81e409f69ed57c2f88e75cb5ef04,65.04322874493927,101.36849999999998,930.264
sweeps,892863782ac707b1fa8413f42ccf6017b03e19aa224e02889b327bdb2ac9bb3b,59.614354883081155,74.88539999999999,251.974
sweeps,0e290dfaae256953450301cfd4e003cd10b4e840b7eca4dd3b8439e3aaf25098,74.06505943691344,117.84159999999997,356.07
sweeps,e70d99ef088247f02d605100d4a9f936c4848a0996c937d9b144496e7f73f928,56.01943884892086,89.81519999999999,176.65
sweeps,d32e3d66878d71ceefc010cdfa8a02a8b56be3927215456ba4e9794058d00d4f,61.34014148681055,91.3068,187.863
sweeps,4c8c8c892794fbc48aeb18b32fe49de606ff216e10a27574bbe49884d41996c1,58.47355305039787,73.5201,273.683
sweeps,6abb6f4ab8397b2cda211b367c53dc89a56c148b73fe924bc73c7414fbb6ee70,69.92417287234043,102.86025000000001,292.176
sweeps,3657e5a591a17dbf2b7dfcd8b8669a9106369ae4b695b23b1a559dff55d39fdf,53.11842548076923,70.46449999999999,171.059
sweeps,13ba08e29e6b2182b325c770513334145a1df4a95661dc7ff200f840f6c0821c,61.385773809523805,97.93395,239.46
sweeps,51bd36227bd41f4044aa361a00b92f1bce746fde5feb392528dd424e91e03962,59.18493,74.90514999999998,244.718
sweeps,380d90afcd1bda8ef7172521aed74635163c471a2cbc8125c4c64ab8578f6c64,72.6030455026455,111.86019999999999,291.822
sweeps,7451fb3015c1587c862a55336162a130867bae8b24688ba3ccec6ed7ecd19c53,54.383312958435205,97.37779999999994,195.887
sweeps,ec52de0bf0d8c0e69349288e35c940f542da218280255ea005be0dc8d1377b9b,60.55705623471882,87.95219999999998,645.614
sweeps,cf4a796c65c9159e8127265185decf043c2d9fd3c449d81981b1d4af534c8b1e,59.668658839779,79.71375,192.048
sweeps,e1681e8a9903f168d172a8f0dd6b4b7be02eb07e4f5147ef64f6844665c72053,70.9151455026455,102.55525,301.984
sweeps,85394f97b9383972e63a60850fb127adb056e8c8313ea32be65f1cc4b4d33f90,56.09461290322581,82.59449999999997,189.415
sweeps,b2988a75440105463150a5adf6b8a7b09d16cce91dc9540b2ed417379903d043,64.48519611650487,100.5459999999999,247.331
sweeps,1ee7c1c86428a5df20c401321a366ca14c65b07f4d18b2f500ec8a3d6227f342,61.57539242424243,80.96159999999999,192.474
sweeps,160af5da1aef5a1200c93896cd082b81d58aa1a020ea9119c4125f81dd347f3e,73.75015934065935,115.26654999999991,289.315
sweeps,2d3476c8488c37970ee40c6b7863c953545ac26e78327c1f750510393d73445f,52.08921827411168,69.5758,174.658
sweeps,389b6015efbedcbc064873a217e9527e298ba981f820829ee6d1f7b92f42272b,63.22177093596059,100.2255,201.719
sweeps,a0d3cff872054ead7f981fcf443b4216c39ee04b727092da5a8dceb35c74f06f,61.91130867709814,81.85339999999998,194.125
sweeps,bc2f5663d06a6e69d461207a20d8771755b695ab91393ed68f1103d8161b4415,75.02297193877551,116.28974999999998,256.636
sweeps,cb937e8959d76633e33710c194bcc31e954d0ea2fbb84918037b377d8c7a1a97,50.6447487562189,65.24125,151.159
sweeps,55da608c9d14b338cf591c1ae330174b2fb9ee17994a0ce4b62aa91a5543e320,66.3108143939394,108.23669999999998,260.206
sweeps,202f00da21f8a2dd35b91d93bcb75563d5e1956b88827f5f403174c5d452b4f6,61.595730948678074,82.5603,249.94
sweeps,b4851f28cff649a90bb18ac2947995ba29aeaa8e191897c3ed53bb63bb412b68,75.82062850971923,117.47925000000001,483.036
sweeps,e26add66c8275feba278555043dbcb41607b60093dea9427555bf3c9e897895f,51.11197969543148,64.7473,205.779
sweeps,b3025875c98576cc3b1b1805bf4b16c7f980f56f39d4e8922fcb8831d34fc6b7,61.91409644670051,96.20564999999995,496.691
sweeps,8101fb472d99f27c4544e3d951e382db9d78b8c4fe13266423d498f7f7f659a5,58.92037163120566,76.6672,196.533
sweeps,ae22b21c3c5ef0cf6b0ec96b9924e38fc7ade35ccdc1d843c3e519861ffa8eaa,71.2334801980198,105.20259999999999,306.482
sweeps,189813f578645acf0a3b0a37d6ca38165ce1841636dae674a69ec1eaf525ce45,50.229958100558655,64.4979,151.303
sweeps,21fa84473ea8b733b7aee9efdec810699101996ecb2c66e6f00a0ab6ffa9d48a,69.00976724137931,108.47959999999993,270.054
sweeps,f2ca1349b7da5bc8c41e750aa1c2f98b7b0688c850b0ef5e695bb6f381dc4923,58.45646601941747,74.16134999999998,248.21
sweeps,734d639ea996bf4a866d0b96017d9ce874970c4f2bba1df6775bcc7f66acbf74,76.68396969696968,123.785,313.04
sweeps,44522903f1225a94cb9aa11a4e239bee3735bfef4a98fa0f8cae92cf2f96b89c,60.67139847715736,79.79354999999983,990.79
sweeps,0fb7261887b8d15a6a47ec617c8f2a85da33efbe1354808628c0813f72443e2b,62.098928753180665,101.91439999999999,211.095
sweeps,a6131ecad329e383ddce5b10f7c210f3843af7d007f4db87bb5ab91fb7386130,63.452814971751415,91.42889999999998,202.066
sweeps,6ee398bf92926994c1e46619cad47035ada784c634a9d6ec6da5bd9867213a82,72.82660672853828,108.21944999999998,217.863
sweeps,912336fdfefc551743cc951664d24f375cd9349dad3bb7e72b119ec442005420,50.145436893203886,69.68529999999998,165.806
sweeps,1fe46e7c2bcedae2727e848c3a01b76655c7a36120b3a94bb2d9f9f618402cf9,69.3210860585198,130.831,1189.248
sweeps,4d9b0fddf6df93444fc1e3a15369998b983b6425af4e08d9e945fc6c15e2b101,56.620110738255036,70.72915,320.691
sweeps,87891d3d56dc0d2f281065b872c1740e5c8c36696e9274aa6ec0b90c8846d13d,69.90142801932367,109.54039999999999,203.305
sweeps,1ff4b1a41ee5379f7e1b85597e8c65d5c7302f7ca7863448bd6ddcbea6d799d4,50.37625974025975,67.00545,231.467
sweeps,f7ed832b674f1730495f6c4ab32886be85da1bf5087bd939da15044eee8dc20e,59.059868250539964,87.59519999999996,241.453
sweeps,5e8ac64de4fabff31d1aa2cc59a8d9dd84af2f2b70b8496761eb3b38a323e4bc,56.841094710947104,71.8694,235.517
sweeps,b4abb01b20d5df1a4053cef000b1cf74a44cc1950b716e3bc179519d23826e97,68.15298786407767,104.58189999999999,266.671
sweeps,fd72a7d36f67a589f2d0df369f1556e74dbde51b56cad06e6473d98237cc2ae1,48.84118937644342,64.98599999999999,142.981
sweeps,d375f9e4aab49da4b2a30fd9208a64cd5937f90bb8fd78de479268322a289d06,63.530046092184364,111.34559999999999,336.881
sweeps,f4fd001eb1b8cbeb3e4a2b8f2ee86c284335426ae6961a733ea565e6108bd387,59.12292175066314,82.8168,217.043
sweeps,bc2e6c88346d5797c4f455d435e0956d9b29cf521bbf26dd10f708703359e720,72.22625463917527,114.85234999999997,197.439
sweeps,9c34604bc0ccc78421e0203a5863d65218744a1511dc9aa230eb23ed77cf88d4,50.52682783018868,67.30529999999999,179.569
sweeps,f3484f9da80ac9b03019cbf76d37ab8479d83b3f9366dd450a9a697ba04c942c,61.247339622641505,96.08364999999998,193.309
sweeps,c5071ee8e9862bd0250e53899564a82dcf77661e126a020a0e5ed85416e2f242,58.66563762626262,76.29449999999997,239.229
sweeps,aedcf9db3d7399b6143fe7a1d121774124f1e649495f17fce1b87fe783dd9f09,69.58218181818182,107.625,237.435
sweeps,571e2f6ccd9aeed72990a97287ab30776847bd1bb319ff487fa0fd1b24f5f97b,49.01958219178081,66.81984999999999,188.782
sweeps,1f53ba7a3733576c9f15ec20093967395d9276bfba2010fed353b82afaa0a665,61.184377118644065,101.84384999999999,205.496
sweeps,67fd60ffd28204c7315041b3de2dcee8e1625d4f09c6576eb4671daa48ee99d8,57.8669343575419,75.15575,221.797
sweeps,466f84a7e87c9b37bc19df69ab41da52a9c133c42b04619b9f57ba03f7d10861,68.53912749445676,109.47879999999999,275.993
sweeps,eaec7e5644ece1c3356c59d38c2646e926b2b7237dbabb171c153985123e7470,52.62464268585133,74.0566,305.841
sweeps,cf66ad9920affe484967019442e03831d7fbe395f9496de69b24443116ce2e5c,58.701597122302154,89.22319999999999,225.611
sweeps,cba4f17ab044c05da5fd9d7b7aae821ee911cb278033005590d9f27bea7b1cb7,60.18145489690722,81.60125000000001,322.412
sweeps,aca4e5d68d42f8e5b102c9ec253dd82065044a1771b5ebadef8865c02ab36cd9,70.79823398692811,107.2092,295.02
sweeps,cb729132a96fe6d9943131148e2e2d4927d673c53a5b7da53fbb8ab777e0dea7,48.93108663366336,67.49769999999997,130.926
sweeps,75416a2d8ec175ee8378021847a8febd141163d7e2cbb89d919bfff7c15d5a54,59.51031858407079,101.29735,263.609
sweeps,c406df1045dc99dfa690635f2a1680a5da65d2349e0d110a2e93fca48b0ae46f,57.593908957415564,76.28,193.458
sweeps,767baad9319db5403047070e1a5b8d28e3a0af9b053d16c67f76c2f56f1b7c35,73.9329892601432,126.93764999999998,296.909
sweeps,237e0549fa773461b4e43bb1e60815fb0af155afb0f94cfa512d5243e4294a5d,50.24869437652812,65.97559999999999,231.358
sweeps,63b27e971a61b7b04e780b1e6dc6189f6af4910c563041c962650d98a7518c03,55.36547921760391,80.53919999999987,115.28
sweeps,3e7221fc750c184c23e83e091f3516da4c1981919855d8cfbed07bd19598b04c,58.8593492063492,80.90174999999999,267.383
sweeps,73a936bfb8c2268bcae812ba04a6ec060f1f4513d48e6c87b6da1fbaf89b32bc,69.1161218206158,111.83169999999996,376.181
sweeps,f342637e2a8bb34deb881f4fb79e56610ebe6a57f08588ee393960be170bf450,48.64280726256983,66.76384999999996,234.125
sweeps,295ae974af2ba6b38ed2207858cfe99166281172dbf36e1360120399a8f87f95,61.54606146572104,101.3548,620.442
sweeps,bef1491cc8c42282467fcb7cba94f6f4690373de5af94b10f4e76b545f468af5,57.09919093851132,84.23709999999996,276.213
sweeps,f97623e8040a9a6e2488014e05e55318d1ff70b4d12f8a7d2f82d84a86bba790,71.02034246575343,113.5361,411.688
sweeps,9fec36c3b352a4e63aac680af4a86b98804bf415861e9f54ad948f1b1ba8c216,49.17020558375635,66.7426,157.478
sweeps,88b2c38c9179e007fbba29fda8feb2247abdd54a4fa5f81e612e7b240d852781,56.5248320610687,88.4646,226.301
sweeps,8c40b97ce0e02a47e3a0435594e24680756296a2da0dd74c6ee0f5cef031549e,58.33729478138222,73.17560000000002,552.905
sweeps,f986e4a7782420acdcb45414711a7748265cffe4eb10cec702612aa451c77c2f,70.8721628895184,106.03925,246.371
sweeps,e1a23f34a38ae60ac2d1627a74194bb282246c645f2c620524c5eebf975572a0,46.813848571428565,63.45990000000001,132.338
sweeps,4fbb8da1c57f05c5948be8a5881f6d17e2f7eac82d6bbbe5f9ce280f9794f110,59.45719306930694,101.5747,228.846
sweeps,3af50796a463fd04d767e123e177f3febbea0af5d416d5dccdada007882c96de,56.39150701754385,71.219,196.31
sweeps,eef25e552c0df51914657962b21bc253dd6d9e877c8ab9b82a4ef2da33668450,71.97571446229914,112.0906,262.364
sweeps,be4f7b7c79720cfd15f24f13b1a4d32f9db45b4bc66a8f7cccd6f16a2e6ff3a1,46.97906860158312,60.572799999999994,235.393
sweeps,372f5546c46616780fca41467cb52c47dd996188714fa361104cb942d95b75a8,56.27462234042554,87.1155,203.172
sweeps,9047945990fa963f81d8eca038f7b0aed01e104a0eee26a9e51673abadba8043,57.22745303030303,75.3824,228.801
sweeps,4903f4f5f9ee6d8c106827a945aa079f2cff30af51a92b8a70da374bdc931a07,69.54269756838906,106.06115,268.663
sweeps,26c846b3cf37f616e9b8fb2ff0893d1717269a30220af3688d5b1bde726f2e4d,48.655653958944285,69.322,208.687
sweeps,8e3d87ec0d07eb99a00102ac3e23b9aca1238f3e71d5abc90433a9741d46bd6c,59.329797953964196,102.32,189.257
sweeps,3741edef0e2e04d76a68c2ec41a19fac6a4ff0f4ab2c3aef0b30507e1fbdafd6,56.90722471910112,73.93704999999999,545.612
sweeps,5a83bea797c9d29e77822d2c95874fac5847fdeed29261a4c245c3f93cd676b3,71.0813645970938,108.65059999999997,264.244
sweeps,b654af1b130fd3be515aa0a5cc2e5b324b429181b7c7b6c9ed0ec8a7c86dfbe6,46.21407988980716,62.38389999999999,158.117
sweeps,79661d2a8b1be3ae2179a78ca4c2551308e217f53656906862b3f88757047179,55.38048324022346,87.45644999999999,208.092
sweeps,1b00d438fa05aa359572be19d52ef9a8a93110ece60cb31422f825fde6e12035,57.67930491803279,81.68329999999999,255.101
sweeps,32d499b59bbe5a80d2a5def21ae3b67026c4782077492e82cee183f2f9ab98e0,72.41774044585988,114.1868,414.41
sweeps,5457a3dc5513f3d84b801ce650877313a7da127fc701f41b96dee60d74bb9ee2,53.515578366445915,71.75379999999998,233.758
sweeps,80ed30cebc07fad62f1372cca9f7f413d7fdb278772dc55087b244325f9d98de,69.99136734693877,108.7498,214.692
sweeps,8abce9f380a349328f5fa2d9c31c42f0f84b6838153c045c969a8491b503f584,62.957854636591485,90.31784999999998,267.021
sweeps,a7a33577ceed1f2c4e076803c0683a53f574462d6b34fdf97996ea4bbf146b83,79.30840330920371,124.61789999999998,270.758
sweeps,482240448d6a6917941404ec7a58008fd5a42f29917b207fcb464e500137d1de,53.26221678321677,72.3507999999999,197.327
sweeps,60ba9d7f9965ed874073b8f5d0a15162975d96ac6b412616ce8bc699bd707230,63.51614219114219,101.8536,305.042
sweeps,27cea82ffc8f6542fd38c7c55a861c2b1e0ce767ddbc885299b8ff379c7eb1c9,62.276703256936074,86.24239999999992,246.093
sweeps,17f822cc030d31165b9acae7a863d098dd94363c540adb0abc7f8ea0f5da0c6b,75.39109854014598,116.11224999999999,236.49
sweeps,b6743a1a97907617f7ecc6a0e21da448b193bfd1411122c1274e0902673eab07,53.30092874109263,80.89,217.302
sweeps,d4864c33e55db11809a67263020467f0e69ea0cb3ab28527b1c1b48342f148a7,65.23367041198502,103.78025,298.247
sweeps,bd47245781deae26f6808bf66a8c51c10f5ce9e258cab4a3a11ab2bde5cbc533,61.35874277456647,85.87204999999977,179.9
sweeps,39229f21b9bfaa695218c2a85fb013837b0c2d1c23ec11258c70d5fd13189b37,75.91559401709402,117.00999999999999,529.613
sweeps,6f81da7891691313423ce42046bafc6365af3f34ac457f5da2da6db669772c19,54.284864532019704,75.875,201.621
sweeps,a6b9e62aa15e18ca11c926a0be92cdbf7798755c07225f2d3418c75621288e1f,62.58576715686275,91.65494999999997,545.173
sweeps,0a0028324889cfff8edebb195512dfc5fd9e264532aefccab1c2055350b584b2,59.938535570469796,79.4006,173.959
sweeps,700e18d0555ea85aa87ffb698ae9ed67104faa30d6e869e7b287a312be485c95,71.19020698254364,107.94554999999997,269.559
sweeps,85394f97b9383972e63a60850fb127adb056e8c8313ea32be65f1cc4b4d33f90,56.09461290322581,82.59449999999997,189.415
sweeps,b2988a75440105463150a5adf6b8a7b09d16cce91dc9540b2ed417379903d043,64.48519611650487,100.5459999999999,247.331
sweeps,1ee7c1c86428a5df20c401321a366ca14c65b07f4d18b2f500ec8a3d6227f342,61.57539242424243,80.96159999999999,192.474
sweeps,160af5da1aef5a1200c93896cd082b81d58aa1a020ea9119c4125f81dd347f3e,73.75015934065935,115.26654999999991,289.315
sweeps,2d3476c8488c37970ee40c6b7863c953545ac26e78327c1f750510393d73445f,52.08921827411168,69.5758,174.658
sweeps,389b6015efbedcbc064873a217e9527e298ba981f820829ee6d1f7b92f42272b,63.22177093596059,100.2255,201.719
sweeps,a0d3cff872054ead7f981fcf443b4216c39ee04b727092da5a8dceb35c74f06f,61.91130867709814,81.85339999999998,194.125
sweeps,bc2f5663d06a6e69d461207a20d8771755b695ab91393ed68f1103d8161b4415,75.02297193877551,116.28974999999998,256.636
sweeps,2dd65de17b71c70625a6df5ce479044a159a8609aad4882579a447c442d017c0,52.78109585492229,68.56800000000001,221.805
sweeps,fd05936bb44f119eef0ce5f920f85e0c6a5b038e7fe8f40a79b49279c7b95bf2,61.89271457489878,97.17634999999987,291.7
sweeps,9bdf1b0bc2234d124e3550247b6f93f995d9e9c4352cc6f70de2c92426bc3efd,62.38705084745762,88.49460000000003,359.591
sweeps,71cd021f18626252885823b261f206797cbc67fa5441e5b2d3dfb1cf97ae58f7,72.72267071823204,114.06599999999999,464.658
sweeps,bf9181f336deb184f4e5001a438721fca27b60a3d4942b09a99d56338c8c1ce5,49.0423315926893,62.634099999999954,112.294
sweeps,d2ad2d2e194db81f8adaf365c794e40b4f7ce0357a57f90ab8c2de59bfd98a27,62.44386111111111,89.89415,211.617
sweeps,f9e7141454f895c88e7a3b03c261961f40681c10e5511403f1090b77bb7bd23f,60.53324169184289,78.9647,177.691
sweeps,3a82917edfd67e3f5e39c407dba9fa62372fed20ec0048530bd6cf699149a801,72.53909162303665,105.76774999999999,451.411
sweeps,de4ccc9283d4967a4a67ae55e4e09971c45caae742dfd75b9349615880a7979e,55.009805263157894,72.98680000000002,231.242
sweeps,e069e5985a0f001c653f94f667e003a572e33f5f6c4c8ddc995ec6519954afaf,65.33037267080746,102.79839999999999,454.462
sweeps,885a9a9f096a4f38de466a7e19f1b73f1125f2830c7832effd86ec27e4a95b3e,62.12521273291926,79.41285,431.079
sweeps,607783817d14b0a655a4db273429ca383c91a879182ac55f6897c4a9ecf23c84,72.96513114754099,113.72879999999999,273.65
sweeps,f43f89581aee47fb21b585bc25f7eb832288fe2aac4eaee206680f67b8270577,56.337384615384615,94.57499999999999,286.696
sweeps,66fa9da0e82ee987f1be102d7d2bf998527629a3ab5051b36e2a76383ec95cd3,62.086732142857144,92.99685,182.116
sweeps,7066756fa3a1a1e592d12ba032a1bdc79a1666d2f04eb37bd8abc5c5d65d72a0,62.965355694227775,84.749,277.628
sweeps,cb1ab3a3c7409c449debb1f93f74518b6eade7d7c382eb41aad21fe14451011b,71.787541005291,108.95875000000001,340.378
sweeps,df62c2d88d8cb75583527f4bab45a99d4f7b03ab722b9005560886c05e7ab1a6,51.474922330097094,64.1276,128.548
sweeps,cdbf9847258f91f79bf5bf37d2cf9823f746d019db3a5eefea91ac09f9e9a157,63.26294777562863,99.2426,350.61
sweeps,02bc2fc4eda2749baabe7061d8189461f37bca5db230c0c1279be41e6f5850a2,58.406256410256404,73.61889999999998,194.257
sweeps,3768937715d78305f4937f4b9b81e70c0ff1c6f7e846cc2e8f1451bc01178ec8,72.79777980665949,111.633,314.183
sweeps,b3b5cee1c57a8c11c3bb011f035940dcc6deb711d288668221f3051fc9c0dd67,54.84679951690821,72.72715,305.101
sweeps,8a7cbda699eb1de616394312f6c15de66efdfbdc4df2efc974464271a6aa96c3,63.477199999999996,97.72799999999998,185.281
sweeps,e216b665252776ea14e601030d9d0a9bb3419dc2c2df02dae2ddab06048bc1ff,60.64734234234234,73.84219999999999,208.881
sweeps,ef95eedfd3b937b5eee7f09f600803b3a3a2ca47b718d9ea53b9627027ba139f,76.47678479381443,116.9345,212.372
sweeps,85394f97b9383972e63a60850fb127adb056e8c8313ea32be65f1cc4b4d33f90,56.09461290322581,82.59449999999997,189.415
sweeps,b2988a75440105463150a5adf6b8a7b09d16cce91dc9540b2ed417379903d043,64.48519611650487,100.5459999999999,247.331
sweeps,1ee7c1c86428a5df20c401321a366ca14c65b07f4d18b2f500ec8a3d6227f342,61.57539242424243,80.96159999999999,192.474
sweeps,160af5da1aef5a1200c93896cd082b81d58aa1a020ea9119c4125f81dd347f3e,73.75015934065935,115.26654999999991,289.315
sweeps,2d3476c8488c37970ee40c6b7863c953545ac26e78327c1f750510393d73445f,52.08921827411168,69.5758,174.658
sweeps,389b6015efbedcbc064873a217e9527e298ba981f820829ee6d1f7b92f42272b,63.22177093596059,100.2255,201.719
sweeps,a0d3cff872054ead7f981fcf443b4216c39ee04b727092da5a8dceb35c74f06f,61.91130867709814,81.85339999999998,194.125
sweeps,bc2f5663d06a6e69d461207a20d8771755b695ab91393ed68f1103d8161b4415,75.02297193877551,116.28974999999998,256.636
sweeps,4a0929aaf34313a594653f99bba5dcd86a725f001ae4337ec19d111b5b9c9966,52.89068181818182,69.91775,171.543
sweeps,098331deb5673ff83b997acea3c72d2716818af0654702e4ccf969e95e36abb0,64.91097087378641,103.0238,259.137
sweeps,874103e6fb80728a5f714835251055a3a4b4b9e6ea493f6555b4ad7d8ce8613c,61.810429477020605,81.50800000000001,222.635
sweeps,a7fad8fa05a80ab23961b8d09159a8af7983b1ab4fece8a89709019904e2c58f,75.09537772925763,116.2795,436.189
sweeps,aadb175372d995833be442c8065fa6ff023b08457621ac47b496d2d154b8e69d,52.71831510416666,67.18195,187.601
sweeps,b0242269f95c13ca4fcd6bebbfba55650628e0570e657cf9f38a3f7e6e0184e7,61.7260826873385,87.83749999999999,407.942
sweeps,bddfb7ad94146b3592db5bb542598d479f36745a70ea9ddba748c441778a8228,62.276543543543546,83.25,259.078
sweeps,27dceb97ad5d645f9d22b76979d791c3d240bdc5cf060edb858e774dce3b1974,73.14747532467533,112.9211,373.779
sweeps,662da7737105523c7a8a03a1ad347c203be9ae0edaaa916708008a9ef8f93577,57.365291878172584,78.45149999999998,247.03
sweeps,2fb0b0338e287f8837728fa42c94ee037c369db28a6ffbd473fc314bdb879198,64.00468965517241,94.634,227.161
sweeps,56467bbb4b1f4b743d0832621e87d9d00fc812620e62d94b032de3e77195c755,55.34901442307693,69.75175,130.594
sweeps,f05193b5a3e74897545b356aee9d47373c45252465d1c57a2643a344cfda2b90,66.52009715639811,97.24269999999999,292.662
sweeps,78bea2de2f3d1a02ee0ae80fb8669b7f5120b54241d94c0ff142489d50c941c5,57.12652415026833,74.81330000000001,209.07
sweeps,0b2ad375e283b1c4b3a99934336d2441cc9eb335bf0f8ca8441c95255d0e00b6,67.55821099290782,103.78930000000008,487.768
sweeps,ea0517a2855a17b92d26772af19ff5f82419aab18a1f3c466b6b7476b3d14112,59.27215767045455,79.02835,356.336
sweeps,2f7706a3cf7da07b30df744f426f124057a4955fafd624d8e748d321381aae8f,60.970833795013846,79.37939999999996,127.668
sweeps,d173532576a403436e8f7c6541d2e4f122a1128104bd67cf1b6049c6d3c25df9,55.43166148648648,71.6518,255.993
sweeps,d4630461ebf1164544b5b329b45c800f15ed2e050011863b620c11fac4b39d75,65.0973708698584,88.6088999999999,271.917
sweeps,4eba9961c69a772ac1ae72e9349fe689acd0fadd8375804040715e22d618112b,56.05976907001045,72.40019999999998,162.887
sweeps,d977b3fe42631ca52128925821c088cb14ab1a95f3eb1de027d180c74b5fe4a7,64.87677661795408,88.72849999999998,283.532
sweeps,df5bbcb0d5885b69942527409d3f962f75d32fd4b388393ed567303bab670eb1,57.68105539772728,75.80875,370.605
sweeps,a93dd9e84f6ed46b3438b91666aaa74636c4b43be3225070f3fea68a49ea4ff9,64.35923684210528,92.47294999999997,222.146
sweeps,78bea2de2f3d1a02ee0ae80fb8669b7f5120b54241d94c0ff142489d50c941c5,57.12652415026833,74.81330000000001,209.07
sweeps,0b2ad375e283b1c4b3a99934336d2441cc9eb335bf0f8ca8441c95255d0e00b6,67.55821099290782,103.78930000000008,487.768
sweeps,452af5a551a80f0cb10f81d0244996010aff0de0aa6edef504607d8d9425e14d,50.67617329545454,66.60834999999999,448.477
sweeps,9be33401c158b5541d2a4fb38c70c8ce08653771bbdce66069b4d9ed4066d80a,65.22786206896552,103.79659999999997,246.297
sweeps,de020d2380d89053b15d2e1eb37cee991dd8617ea284b7f7667ba332f35a2ead,60.64704807692308,79.05805000000001,369.75
sweeps,f4b090a09f20db46248fd3280f04bcce4a67cd8aec143aa4e462903238f1ba41,75.75327484662576,114.97409999999999,210.498
sweeps,49cb519dd1bf75c15187cf7fcba7eb2bbc3c04ad0f4d6cb8f290feb10eb9f12c,49.61294490358126,65.67239999999998,341.563
sweeps,bd014b556eb19f199a6334e058b3cb1806b1828958c20362b3237e3ef4b607b7,64.05700348432056,104.0507,251.34
sweeps,0c2381157aa38bfb91a3d01adeebc21e813c51c5c2f88ac9e0603d2ab11262d3,61.28220204978039,89.16509999999998,353.624
sweeps,b5ff3741f5074af1922f0eeaf437793b5504c09b3ad6de9bbe6c9e17ca84b93c,70.16673285714286,103.31839999999998,362.029
sweeps,82e415a75b689a9e863348bdea21bcdba459599bf8ae53d853407cfdc20292a1,49.02957096774193,62.28330000000001,119.862
sweeps,d1694bc346bbf6adaa2e5f41f8f0629d65ddfa8496fb77ced308c1d0ec85f398,65.9542952586207,102.68749999999994,225.24
sweeps,095c9a34d13d76a59d94774710bd9a1cfe97abad3f28c196ad1bae3f1ac850ec,58.26662027491408,75.18694999999997,203.939
sweeps,23390b38f02549a9c8780e4a0a080caa368aa4eeb6b56c1431772c180b5c5082,77.39420271940666,117.6916,380.658
sweeps,4d86343cbde344e62ddc9cd96e87a4fe02d822bb430904d371482f3c527f8e40,55.43867883211679,78.1852,207.647
sweeps,0c5acf067346e14928e2b6e6fc870aa1d7806be08134597e613b21f94bdb67e8,63.55056097560975,95.07789999999999,260.265
sweeps,c1c99f3472934004a0ffc9578a24bfbdddc5db4fc642d7db9c7fe7cfe5749b62,61.93162057335582,79.89559999999999,224.983
sweeps,41c702811b4be284a46868ae2650c860130d6d095c8089215caadf5fb7d8e611,73.48449641319944,112.18519999999998,194.299
sweeps,128d719b162a25d064f55dd2a2a0c88b514d38445e2dd222cf2140650053889b,52.08232424242425,71.45855000000002,235.701
sweeps,43f32de8b9ba09037f74e941e26a4d513c5e94ff549acdb4f7a3b787f82141e5,66.7973382352941,103.32600000000001,210.053
sweeps,1830f53b61457a31de413c637ffc78ac79fbb45fae6f91b6ba0478fbc702a44a,60.432885665529014,77.377,382.21
sweeps,b169b092fd8c3f85597761f2f28b63262bd41fd38205798071eaeadf32029bac,78.90406349206349,122.68719999999999,370.534
sweeps,a3f09d51eb1a1cb1187c4a58c64249f7f2febe98f014a8c5d7d75cca5b398893,51.753394984326015,68.70699999999995,152.434
sweeps,3ed4e5e861513253df08ed2e7a38e7cb63ef43e229c86d43fd9bf178eb983410,61.38959516616314,95.1375,187.044
sweeps,f89872f9daa25c56b483865b4f5287600b5476cb6000a140ba0d445408cb9000,65.19775786163522,102.21875,443.588
sweeps,2b41f77d22ddeaeb0b3b183a6d805ca45ebc46ddc85995a6ceed8c59d34d48db,75.24482777777777,116.13379999999995,411.912
sweeps,85394f97b9383972e63a60850fb127adb056e8c8313ea32be65f1cc4b4d33f90,56.09461290322581,82.59449999999997,189.415
sweeps,b2988a75440105463150a5adf6b8a7b09d16cce91dc9540b2ed417379903d043,64.48519611650487,100.5459999999999,247.331
sweeps,1ee7c1c86428a5df20c401321a366ca14c65b07f4d18b2f500ec8a3d6227f342,61.57539242424243,80.96159999999999,192.474
sweeps,160af5da1aef5a1200c93896cd082b81d58aa1a020ea9119c4125f81dd347f3e,73.75015934065935,115.26654999999991,289.315
sweeps,2d3476c8488c37970ee40c6b7863c953545ac26e78327c1f750510393d73445f,52.08921827411168,69.5758,174.658
sweeps,389b6015efbedcbc064873a217e9527e298ba981f820829ee6d1f7b92f42272b,63.22177093596059,100.2255,201.719
sweeps,a0d3cff872054ead7f981fcf443b4216c39ee04b727092da5a8dceb35c74f06f,61.91130867709814,81.85339999999998,194.125
sweeps,bc2f5663d06a6e69d461207a20d8771755b695ab91393ed68f1103d8161b4415,75.02297193877551,116.28974999999998,256.636
sweeps,048d2ad99e7777efa94eb54790f0766ef74c327425d47f6d9f6db0da1a4427a8,53.31870481927711,68.69749999999999,406.176
sweeps,d6c27f9a5b9621d7cdc42cca88767afd20e62c5c998c97363b3ea50f9de6722c,64.38886928104574,100.58639999999995,176.278
sweeps,bee4a82cf55516d08d5875e5620ec446eb45c488475b5a431156986bf37e3aad,62.05157480314961,84.43329999999989,212.546
sweeps,b12182898935544d97dfa9c9d9cb9278eb029c06b7a737138ee31ffbbb2d8f15,75.01809683794468,115.1783,366.385
sweeps,b2fd2d9a89aeb3495c238181af5c8951f4660f6c3c2b45cd7b53be7e681b35a6,53.87836991869918,72.80149999999999,193.14
sweeps,88141d13d9e898fb7bd9dc4987ee323c89eae5832fe2d33c8b0ef7fb50124403,62.7897380952381,90.82305,240.792
sweeps,b299db4c8aea95e92aca6a364dac4227960be36c5f54d1828acbceebfed38f1a,64.02074748743719,98.82775000000001,246.004
sweeps,15db9a8112c8d16f7090e3f3ef2e11e262e38038d782344754975b2cbd486e63,72.61183750000001,107.32934999999999,246.408
